sep=,
TimeStamp,Position,DistanceFromLast
0,(55.60, 0.00, 30.10),0
0,(55.60, 0.04, 30.10),0.04359931
0,(55.60, 0.05, 30.10),0.009537702
0,(55.60, 0.06, 30.10),0.003726553
0,(55.60, 0.06, 30.10),0.001549287
0,(55.60, 0.06, 30.10),0.000290543
0,(55.60, 0.06, 30.10),0.0008613506
0,(55.60, 0.06, 30.10),0.00194545
0,(55.60, 0.05, 30.10),0.001105339
0,(55.60, 0.05, 30.10),0.0002354272
0,(55.60, 0.05, 30.10),0.0001843988
0,(55.60, 0.05, 30.10),3.446659E-05
0,(55.60, 0.05, 30.10),2.037049E-05
0,(55.60, 0.05, 30.10),1.595546E-05
0,(55.60, 0.05, 30.10),6.897934E-06
0,(55.60, 0.05, 30.10),2.741814E-06
0,(55.60, 0.05, 30.10),2.574065E-06
0,(55.60, 0.05, 30.10),3.576279E-07
0,(55.60, 0.05, 30.10),1.907349E-06
0,(55.60, 0.05, 30.10),1.192093E-07
0,(55.60, 0.05, 30.10),1.90828E-06
0,(55.60, 0.05, 30.10),5.960464E-08
0,(55.60, 0.05, 30.10),5.960464E-08
0,(55.60, 0.05, 30.10),0
0,(55.60, 0.05, 30.10),0
0,(55.60, 0.05, 30.10),0
0,(55.60, 0.05, 30.10),1.192093E-07
0,(55.60, 0.05, 30.10),5.960464E-08
0,(55.60, 0.05, 30.10),5.960464E-08
0,(55.60, 0.05, 30.10),0
0,(55.60, 0.05, 30.10),0
0,(55.60, 0.05, 30.10),5.960464E-08
0,(55.60, 0.05, 30.10),1.90828E-06
0,(55.60, 0.05, 30.10),5.960464E-08
0,(55.60, 0.05, 30.10),5.960464E-08
0,(55.60, 0.05, 30.10),5.960464E-08
0,(55.60, 0.05, 30.10),0
0,(55.60, 0.05, 30.10),5.960464E-08
0,(55.60, 0.05, 30.10),5.960464E-08
0,(55.60, 0.05, 30.10),1.192093E-07
0,(55.60, 0.05, 30.10),5.960464E-08
0,(55.60, 0.05, 30.10),1.788139E-07
0,(55.60, 0.05, 30.10),0
0,(55.60, 0.05, 30.10),1.90828E-06
0,(55.60, 0.05, 30.10),5.960464E-08
0,(55.60, 0.05, 30.10),5.960464E-08
0,(55.60, 0.05, 30.10),1.907349E-06
0,(55.60, 0.05, 30.10),1.90828E-06
0,(55.60, 0.05, 30.10),0
0,(55.60, 0.05, 30.10),1.192093E-07
0,(55.60, 0.05, 30.10),5.960464E-08
0,(55.60, 0.05, 30.10),1.192093E-07
0,(55.60, 0.05, 30.10),1.91107E-06
0,(55.60, 0.05, 30.10),2.384186E-07
0,(55.60, 0.05, 30.10),1.930491E-06
0,(55.60, 0.05, 30.10),1.192093E-07
0,(55.60, 0.05, 30.10),5.960464E-08
0,(55.60, 0.05, 30.10),5.960464E-08
0,(55.60, 0.05, 30.10),0
0,(55.60, 0.05, 30.10),0
0,(55.60, 0.05, 30.10),0
0,(55.60, 0.05, 30.10),1.192093E-07
0,(55.60, 0.05, 30.10),0
0,(55.60, 0.05, 30.10),2.980232E-07
0,(55.60, 0.05, 30.10),1.192093E-07
0,(55.60, 0.05, 30.10),1.788139E-07
0,(55.60, 0.05, 30.10),1.192093E-07
0,(55.60, 0.05, 30.10),1.192093E-07
0,(55.60, 0.05, 30.10),5.960464E-08
0,(55.60, 0.05, 30.10),1.788139E-07
0,(55.60, 0.05, 30.10),3.814697E-06
0,(55.60, 0.05, 30.10),1.192093E-07
0,(55.60, 0.05, 30.10),5.960464E-08
0,(55.64, 0.05, 30.10),0.03800119
0,(55.71, 0.05, 30.09),0.06858664
0,(55.80, 0.05, 30.07),0.09294587
0,(55.91, 0.05, 30.06),0.1156862
0,(56.04, 0.05, 30.05),0.1298047
0,(56.17, 0.05, 30.04),0.1315485
0,(56.30, 0.05, 30.03),0.1315477
0,(56.44, 0.05, 30.02),0.1315473
0,(56.57, 0.05, 30.02),0.1315508
0,(56.70, 0.05, 30.02),0.1282354
0,(56.79, 0.05, 30.02),0.09803827
0,(56.85, 0.05, 30.02),0.05211664
0,(56.89, 0.05, 30.02),0.04701823
0,(56.94, 0.05, 30.02),0.04662763
0,(56.99, 0.05, 30.02),0.04662705
0,(57.03, 0.05, 30.02),0.04545249
0,(57.08, 0.05, 30.02),0.04662897
0,(57.13, 0.05, 30.02),0.04976408
0,(57.18, 0.05, 30.01),0.05094102
0,(57.23, 0.05, 30.01),0.05329228
0,(57.29, 0.05, 30.01),0.05721684
0,(57.35, 0.05, 30.01),0.05839222
0,(57.41, 0.05, 30.01),0.05839319
0,(57.47, 0.05, 30.00),0.06627493
0,(57.54, 0.05, 30.00),0.07137343
0,(57.62, 0.05, 29.99),0.07646948
0,(57.70, 0.05, 29.98),0.0815705
0,(57.78, 0.05, 29.97),0.08313876
0,(57.87, 0.05, 29.96),0.09097886
0,(57.96, 0.05, 29.95),0.09098078
0,(58.09, 0.05, 29.93),0.1251358
0,(58.23, 0.05, 29.91),0.140038
0,(58.37, 0.05, 29.88),0.1510209
0,(58.53, 0.05, 29.86),0.1549429
0,(58.65, 0.05, 29.84),0.1278449
0,(58.76, 0.05, 29.82),0.1117658
0,(58.88, 0.05, 29.81),0.112945
0,(58.99, 0.05, 29.80),0.1129393
0,(59.11, 0.05, 29.79),0.1184325
0,(59.23, 0.05, 29.78),0.1197857
0,(59.35, 0.05, 29.78),0.1201744
0,(59.47, 0.05, 29.77),0.1268427
0,(59.61, 0.05, 29.77),0.1409613
0,(59.77, 0.05, 29.78),0.1566859
0,(59.93, 0.05, 29.78),0.1609996
0,(60.09, 0.05, 29.78),0.1610015
0,(60.25, 0.05, 29.79),0.1525893
0,(60.39, 0.05, 29.80),0.1478816
0,(60.54, 0.05, 29.81),0.1439591
0,(60.68, 0.05, 29.82),0.1435674
0,(60.82, 0.05, 29.82),0.1435695
0,(60.97, 0.05, 29.83),0.1435672
0,(61.11, 0.05, 29.84),0.1435698
0,(61.25, 0.05, 29.85),0.1435698
0,(61.40, 0.05, 29.86),0.143177
0,(61.54, 0.05, 29.87),0.143178
0,(61.70, 0.05, 29.89),0.1643524
14,(61.87, 0.05, 29.90),0.1664905
55,(62.03, 0.05, 29.91),0.1664908
56,(62.20, 0.05, 29.93),0.1664885
74,(62.37, 0.05, 29.95),0.1664913
92,(62.53, 0.05, 29.97),0.1672755
118,(62.70, 0.05, 29.99),0.1676659
136,(62.86, 0.05, 30.01),0.1680595
153,(63.03, 0.05, 30.04),0.1688413
179,(63.20, 0.05, 30.07),0.1696276
219,(63.37, 0.05, 30.09),0.1711943
220,(63.54, 0.05, 30.12),0.1711967
237,(63.71, 0.05, 30.15),0.1711932
253,(63.84, 0.05, 30.18),0.1409615
279,(63.97, 0.05, 30.20),0.126456
297,(64.09, 0.05, 30.23),0.1240976
328,(64.21, 0.05, 30.26),0.1237032
345,(64.33, 0.05, 30.29),0.1233136
424,(64.45, 0.05, 30.32),0.123314
427,(64.56, 0.05, 30.36),0.123317
432,(64.68, 0.05, 30.40),0.1233135
434,(64.80, 0.05, 30.44),0.1233122
442,(64.91, 0.05, 30.48),0.123311
458,(65.03, 0.05, 30.53),0.1229246
473,(65.14, 0.05, 30.58),0.1229195
500,(65.25, 0.05, 30.63),0.1229227
540,(65.36, 0.05, 30.68),0.1229256
541,(65.47, 0.05, 30.73),0.1229137
552,(65.58, 0.05, 30.79),0.1229271
575,(65.69, 0.05, 30.85),0.1229216
594,(65.80, 0.05, 30.91),0.1225311
612,(65.90, 0.05, 30.97),0.1225296
637,(66.01, 0.05, 31.04),0.122533
685,(66.11, 0.05, 31.11),0.1225308
686,(66.21, 0.05, 31.17),0.1225239
696,(66.31, 0.05, 31.25),0.1225292
714,(66.41, 0.05, 31.32),0.1225309
733,(66.50, 0.05, 31.39),0.1225352
757,(66.60, 0.05, 31.47),0.1225267
776,(66.69, 0.05, 31.55),0.1225282
794,(66.79, 0.05, 31.63),0.1225276
845,(66.88, 0.05, 31.72),0.1229202
846,(66.96, 0.05, 31.80),0.1233088
856,(67.05, 0.05, 31.89),0.1233145
873,(67.14, 0.05, 31.98),0.1237044
899,(67.22, 0.05, 32.07),0.124098
916,(67.31, 0.05, 32.16),0.1260645
934,(67.39, 0.05, 32.26),0.1268446
961,(67.47, 0.05, 32.36),0.1268424
1000,(67.55, 0.05, 32.46),0.1268392
1001,(67.62, 0.05, 32.56),0.1268403
1017,(67.70, 0.05, 32.66),0.1268495
1034,(67.77, 0.05, 32.76),0.1276289
1052,(67.84, 0.05, 32.87),0.1280195
1078,(67.91, 0.05, 32.98),0.1280178
1096,(67.98, 0.05, 33.09),0.1284123
1116,(68.05, 0.05, 33.20),0.1295852
1152,(68.13, 0.05, 33.34),0.1668766
1153,(68.22, 0.05, 33.50),0.1853132
1177,(68.31, 0.05, 33.67),0.1853123
1196,(68.41, 0.05, 33.84),0.2000001
1214,(68.50, 0.05, 34.02),0.2000001
1232,(68.60, 0.05, 34.19),0.1999965
1259,(68.68, 0.05, 34.34),0.166876
1306,(68.75, 0.05, 34.46),0.1393902
1307,(68.81, 0.05, 34.57),0.1311565
1316,(68.88, 0.05, 34.69),0.1311595
1332,(68.95, 0.05, 34.79),0.1288009
1357,(69.02, 0.05, 34.90),0.1284132
1377,(69.09, 0.05, 35.01),0.1284111
1395,(69.18, 0.05, 35.13),0.1558966
1413,(69.29, 0.05, 35.28),0.1841362
1464,(69.41, 0.05, 35.44),0.1955082
1465,(69.53, 0.05, 35.60),0.1999986
1479,(69.65, 0.05, 35.76),0.1999986
1499,(69.76, 0.05, 35.92),0.199991
1517,(69.88, 0.05, 36.08),0.1999986
1533,(70.00, 0.05, 36.25),0.199994
1559,(70.12, 0.05, 36.41),0.1999986
1578,(70.24, 0.05, 36.57),0.1999986
1616,(70.36, 0.05, 36.73),0.2000016
1616,(70.48, 0.05, 36.89),0.1999803
1633,(70.60, 0.05, 37.05),0.1999894
1657,(70.71, 0.05, 37.21),0.2000031
1677,(70.83, 0.05, 37.37),0.199994
1693,(70.95, 0.05, 37.53),0.2000031
1721,(71.07, 0.05, 37.69),0.1999955
1735,(71.19, 0.05, 37.86),0.1999955
1776,(71.31, 0.05, 38.02),0.199994
1777,(71.43, 0.05, 38.18),0.2000031
1795,(71.55, 0.05, 38.34),0.1999986
1812,(71.66, 0.05, 38.50),0.1999986
1838,(71.78, 0.05, 38.66),0.1999955
1855,(71.90, 0.05, 38.82),0.199994
1873,(72.02, 0.05, 38.98),0.2000062
1921,(72.14, 0.05, 39.14),0.1999986
1922,(72.26, 0.05, 39.30),0.1999955
1932,(72.38, 0.05, 39.46),0.2000016
1956,(72.49, 0.05, 39.61),0.1837384
1977,(72.59, 0.05, 39.76),0.1802151
1995,(72.71, 0.05, 39.90),0.1853137
2013,(72.83, 0.05, 40.06),0.1999983
2033,(72.95, 0.05, 40.22),0.1999999
2078,(73.07, 0.05, 40.38),0.1999968
2079,(73.19, 0.05, 40.54),0.1999999
2096,(73.31, 0.05, 40.70),0.1999983
2114,(73.43, 0.05, 40.86),0.1943235
2132,(73.54, 0.05, 41.00),0.1794188
2158,(73.63, 0.05, 41.12),0.155501
2178,(73.70, 0.05, 41.22),0.116259
2198,(73.76, 0.05, 41.31),0.113511
2241,(73.82, 0.05, 41.40),0.1107662
2242,(73.88, 0.05, 41.50),0.1099746
2253,(73.94, 0.05, 41.59),0.1099861
2279,(73.99, 0.05, 41.69),0.1091922
2296,(74.04, 0.05, 41.78),0.1091914
2313,(74.09, 0.05, 41.88),0.109201
2338,(74.14, 0.05, 41.98),0.1091938
2388,(74.18, 0.05, 42.08),0.1088499
2389,(74.23, 0.05, 42.18),0.1088429
2398,(74.27, 0.05, 42.28),0.1086925
2416,(74.30, 0.05, 42.38),0.1088017
2433,(74.34, 0.05, 42.48),0.1087968
2452,(74.37, 0.05, 42.59),0.1084289
2477,(74.40, 0.05, 42.69),0.1084218
2495,(74.43, 0.05, 42.80),0.1084112
2545,(74.45, 0.05, 42.90),0.1080694
2546,(74.47, 0.05, 43.01),0.1075591
2556,(74.49, 0.05, 43.11),0.1076242
2573,(74.51, 0.05, 43.22),0.1076237
2599,(74.52, 0.05, 43.33),0.1072487
2618,(74.53, 0.05, 43.43),0.1072363
2636,(74.54, 0.05, 43.54),0.1111546
2658,(74.55, 0.05, 43.66),0.117821
2700,(74.56, 0.05, 43.78),0.1217461
2701,(74.56, 0.05, 43.91),0.1229187
2715,(74.56, 0.05, 44.03),0.1229212
2740,(74.55, 0.05, 44.16),0.128411
2756,(74.55, 0.05, 44.29),0.1291966
2773,(74.54, 0.05, 44.42),0.1295881
2796,(74.53, 0.05, 44.55),0.1299816
2814,(74.52, 0.05, 44.68),0.1303695
2847,(74.50, 0.05, 44.81),0.130763
2854,(74.49, 0.05, 44.93),0.1307644
2876,(74.47, 0.05, 45.06),0.1311562
2893,(74.44, 0.05, 45.19),0.1315493
2917,(74.42, 0.05, 45.32),0.1311583
2933,(74.39, 0.05, 45.45),0.1276227
2957,(74.37, 0.05, 45.57),0.1240998
2997,(74.34, 0.05, 45.68),0.1166457
2998,(74.31, 0.05, 45.79),0.1127234
3016,(74.28, 0.05, 45.90),0.1127253
3033,(74.24, 0.05, 46.00),0.1095928
3058,(74.21, 0.05, 46.11),0.1099825
3075,(74.17, 0.05, 46.22),0.1150776
3099,(74.12, 0.05, 46.33),0.121745
3115,(74.07, 0.05, 46.45),0.1284103
3156,(74.02, 0.05, 46.57),0.1370415
3157,(73.96, 0.05, 46.70),0.144487
3176,(73.89, 0.05, 46.83),0.1444888
3193,(73.82, 0.05, 46.98),0.1629592
3217,(73.74, 0.05, 47.12),0.1649209
3234,(73.67, 0.05, 47.27),0.1653099
3259,(73.59, 0.05, 47.42),0.1637498
3276,(73.51, 0.05, 47.55),0.158647
3305,(73.44, 0.05, 47.69),0.1539407
3317,(73.36, 0.05, 47.82),0.1515895
3333,(73.29, 0.05, 47.94),0.1386063
3359,(73.22, 0.05, 48.05),0.1366457
3375,(73.14, 0.05, 48.17),0.1362566
3392,(73.07, 0.05, 48.28),0.1374319
3417,(72.99, 0.05, 48.40),0.1468423
3459,(72.90, 0.05, 48.53),0.1535467
3460,(72.80, 0.05, 48.66),0.1609997
3472,(72.71, 0.05, 48.79),0.161001
3496,(72.61, 0.05, 48.92),0.165313
3511,(72.50, 0.05, 49.05),0.1657086
3532,(72.40, 0.05, 49.18),0.1661353
3557,(72.30, 0.05, 49.31),0.1627919
3574,(72.21, 0.05, 49.42),0.1384684
3615,(72.14, 0.05, 49.51),0.1184383
3616,(72.07, 0.05, 49.60),0.1121568
3639,(72.00, 0.05, 49.69),0.1121592
3652,(71.93, 0.05, 49.79),0.1229181
3674,(71.86, 0.05, 49.89),0.1229223
3699,(71.79, 0.05, 49.99),0.1225319
3717,(71.72, 0.05, 50.09),0.1225312
3735,(71.66, 0.05, 50.19),0.1225293
3777,(71.59, 0.05, 50.30),0.122137
3778,(71.53, 0.05, 50.41),0.1221372
3796,(71.48, 0.05, 50.51),0.1221399
3813,(71.42, 0.05, 50.62),0.1221354
3838,(71.37, 0.05, 50.73),0.1221373
3858,(71.32, 0.05, 50.84),0.1217461
3877,(71.27, 0.05, 50.95),0.1217442
3932,(71.22, 0.05, 51.07),0.1217454
3933,(71.18, 0.05, 51.18),0.1217495
3933,(71.14, 0.05, 51.30),0.1217492
3959,(71.10, 0.05, 51.41),0.1217403
3976,(71.06, 0.05, 51.53),0.1217466
3995,(71.03, 0.05, 51.64),0.1217461
4014,(70.99, 0.05, 51.76),0.1217471
4040,(70.96, 0.05, 51.88),0.1217472
4080,(70.94, 0.05, 52.00),0.1217466
4081,(70.91, 0.05, 52.12),0.1217455
4099,(70.89, 0.05, 52.24),0.1217469
4117,(70.87, 0.05, 52.36),0.121744
4136,(70.85, 0.05, 52.48),0.12841
4154,(70.83, 0.05, 52.63),0.1488045
4173,(70.81, 0.05, 52.79),0.1633532
4197,(70.80, 0.05, 52.97),0.1735506
4238,(70.78, 0.05, 53.15),0.1813906
4239,(70.76, 0.05, 53.33),0.1825687
4256,(70.75, 0.05, 53.51),0.1825675
4275,(70.73, 0.05, 53.69),0.1772886
4300,(70.72, 0.05, 53.86),0.1753309
4318,(70.71, 0.05, 54.03),0.1714121
4336,(70.69, 0.05, 54.20),0.1678778
4384,(70.68, 0.05, 54.37),0.1717984
4385,(70.67, 0.05, 54.55),0.1743329
4395,(70.66, 0.05, 54.72),0.1743295
4413,(70.65, 0.05, 54.89),0.1743338
4438,(70.65, 0.05, 55.07),0.1755104
4457,(70.64, 0.05, 55.25),0.1762915
4476,(70.64, 0.05, 55.41),0.1674902
4494,(70.63, 0.05, 55.57),0.1565093
4542,(70.63, 0.05, 55.72),0.1549416
4543,(70.62, 0.05, 55.88),0.1541542
4553,(70.62, 0.05, 56.03),0.1541571
4576,(70.62, 0.05, 56.19),0.1537596
4594,(70.61, 0.05, 56.34),0.153763
4613,(70.61, 0.05, 56.49),0.1537665
4639,(70.61, 0.05, 56.65),0.1541515
4660,(70.60, 0.05, 56.80),0.1541553
4700,(70.60, 0.05, 56.96),0.1545483
4701,(70.60, 0.05, 57.11),0.1541518
4717,(70.59, 0.05, 57.26),0.1541557
4734,(70.59, 0.05, 57.42),0.1545448
4756,(70.58, 0.05, 57.57),0.154549
4778,(70.58, 0.05, 57.73),0.1545495
4797,(70.58, 0.05, 57.88),0.1545499
4816,(70.57, 0.05, 58.04),0.1545504
4858,(70.57, 0.05, 58.20),0.1608237
4859,(70.57, 0.05, 58.36),0.1663125
4876,(70.56, 0.05, 58.53),0.1663099
4893,(70.56, 0.05, 58.71),0.1757207
4922,(70.56, 0.05, 58.88),0.176684
4933,(70.56, 0.05, 59.06),0.1758976
4959,(70.56, 0.05, 59.23),0.1755107
5010,(70.56, 0.05, 59.41),0.1755086
5011,(70.56, 0.05, 59.57),0.1616077
5020,(70.56, 0.05, 59.73),0.1616038
5038,(70.57, 0.05, 59.88),0.1498422
5053,(70.57, 0.05, 60.03),0.1494487
5080,(70.57, 0.05, 60.18),0.1494521
5097,(70.58, 0.05, 60.33),0.1494515
5114,(70.58, 0.05, 60.48),0.1494469
5157,(70.58, 0.05, 60.63),0.1494503
5158,(70.59, 0.05, 60.78),0.1494458
5179,(70.59, 0.05, 60.93),0.1494491
5196,(70.59, 0.05, 61.08),0.1498377
5213,(70.59, 0.05, 61.23),0.1498406
5237,(70.60, 0.05, 61.38),0.1494506
5253,(70.60, 0.05, 61.53),0.1494457
5278,(70.60, 0.05, 61.68),0.1494522
5304,(70.60, 0.05, 61.83),0.1494512
5314,(70.61, 0.05, 61.98),0.1494463
5339,(70.61, 0.05, 62.13),0.1514063
5355,(70.61, 0.05, 62.29),0.1604269
5379,(70.61, 0.05, 62.45),0.1643527
5395,(70.62, 0.05, 62.61),0.1633533
5411,(70.61, 0.05, 62.77),0.151196
5436,(70.61, 0.05, 62.90),0.1389969
5462,(70.61, 0.05, 63.04),0.131942
5472,(70.60, 0.05, 63.17),0.1315477
5497,(70.59, 0.05, 63.30),0.1303732
5514,(70.58, 0.05, 63.43),0.1295859
5538,(70.57, 0.05, 63.56),0.1295862
5555,(70.55, 0.05, 63.68),0.1291915
5578,(70.54, 0.05, 63.81),0.1276286
5613,(70.52, 0.05, 63.93),0.1248841
5613,(70.49, 0.05, 64.06),0.1244905
5632,(70.47, 0.05, 64.18),0.1244879
5657,(70.44, 0.05, 64.30),0.1240955
5672,(70.41, 0.05, 64.42),0.1237055
5693,(70.38, 0.05, 64.54),0.1237033
5718,(70.35, 0.05, 64.66),0.1237023
5737,(70.31, 0.05, 64.78),0.1237046
5767,(70.27, 0.05, 64.89),0.1237057
5775,(70.23, 0.05, 65.01),0.1233145
5799,(70.19, 0.05, 65.13),0.1233133
5815,(70.14, 0.05, 65.24),0.1233107
5833,(70.09, 0.05, 65.35),0.1233125
5858,(70.04, 0.05, 65.47),0.12331
5876,(69.99, 0.05, 65.58),0.1233123
5895,(69.94, 0.05, 65.69),0.1233168
5930,(69.88, 0.05, 65.80),0.1233128
5938,(69.82, 0.05, 65.91),0.1233177
5952,(69.76, 0.05, 66.01),0.1233108
5977,(69.70, 0.05, 66.12),0.1233157
5995,(69.63, 0.05, 66.22),0.1233128
6012,(69.56, 0.05, 66.33),0.123311
6039,(69.49, 0.05, 66.43),0.1233145
6082,(69.42, 0.05, 66.53),0.1233127
6083,(69.35, 0.05, 66.63),0.1233163
6096,(69.27, 0.05, 66.73),0.1233224
6112,(69.20, 0.05, 66.82),0.1233111
6139,(69.12, 0.05, 66.92),0.1233125
6158,(69.03, 0.05, 67.01),0.1233139
6174,(68.95, 0.05, 67.10),0.123312
6200,(68.87, 0.05, 67.19),0.1233105
6231,(68.78, 0.05, 67.28),0.123316
6239,(68.69, 0.05, 67.36),0.1233116
6253,(68.60, 0.05, 67.45),0.1233139
6279,(68.51, 0.05, 67.53),0.1233171
6297,(68.42, 0.05, 67.61),0.1233162
6314,(68.32, 0.05, 67.69),0.1233219
6332,(68.22, 0.05, 67.77),0.1291933
6380,(68.11, 0.05, 67.85),0.1405702
6381,(67.99, 0.05, 67.94),0.1484111
6395,(67.87, 0.05, 68.03),0.148415
6412,(67.74, 0.05, 68.12),0.1594327
6439,(67.60, 0.05, 68.21),0.1610015
6458,(67.47, 0.05, 68.30),0.1613926
6475,(67.33, 0.05, 68.39),0.1613919
6492,(67.20, 0.05, 68.47),0.1614097
6532,(67.07, 0.05, 68.55),0.1484225
6532,(66.96, 0.05, 68.62),0.1280178
6554,(66.85, 0.05, 68.68),0.1280166
6572,(66.74, 0.05, 68.74),0.1252774
6598,(66.63, 0.05, 68.80),0.1260695
6616,(66.52, 0.05, 68.86),0.1268376
6633,(66.40, 0.05, 68.92),0.1268406
6661,(66.29, 0.05, 68.97),0.1268457
6693,(66.17, 0.05, 69.02),0.1264496
6694,(66.06, 0.05, 69.07),0.1264528
6716,(65.94, 0.05, 69.11),0.1264476
6733,(65.82, 0.05, 69.16),0.1256731
6759,(65.70, 0.05, 69.20),0.1256673
6777,(65.57, 0.05, 69.24),0.1425282
6794,(65.42, 0.05, 69.29),0.1570751
6812,(65.26, 0.05, 69.33),0.1637428
6851,(65.10, 0.05, 69.38),0.1661003
6860,(64.94, 0.05, 69.42),0.1660991
6874,(64.78, 0.05, 69.47),0.1668845
6899,(64.62, 0.05, 69.51),0.1668855
6916,(64.45, 0.05, 69.55),0.1680611
6933,(64.30, 0.05, 69.59),0.1609974
6960,(64.15, 0.05, 69.62),0.1539401
7000,(64.00, 0.05, 69.65),0.148019
7001,(63.86, 0.05, 69.68),0.1460578
7014,(63.71, 0.05, 69.71),0.1460587
7040,(63.58, 0.05, 69.73),0.1349017
7057,(63.45, 0.05, 69.75),0.1305892
7075,(63.33, 0.05, 69.77),0.1286269
7092,(63.20, 0.05, 69.79),0.1282336
7119,(63.07, 0.05, 69.80),0.1282365
7154,(62.94, 0.05, 69.82),0.1274526
7155,(62.82, 0.05, 69.83),0.1262748
7176,(62.69, 0.05, 69.85),0.1262748
7193,(62.57, 0.05, 69.86),0.121959
7218,(62.45, 0.05, 69.87),0.121568
7236,(62.33, 0.05, 69.88),0.1215676
7254,(62.21, 0.05, 69.89),0.1211779
7272,(62.09, 0.05, 69.89),0.1203937
7301,(61.97, 0.05, 69.90),0.1203921
7315,(61.85, 0.05, 69.91),0.1196069
7331,(61.73, 0.05, 69.91),0.1180385
7358,(61.61, 0.05, 69.92),0.1184313
7375,(61.49, 0.05, 69.92),0.1184317
7392,(61.38, 0.05, 69.92),0.118433
7418,(61.26, 0.05, 69.93),0.1184318
7458,(61.14, 0.05, 69.93),0.1184317
7459,(61.02, 0.05, 69.93),0.1184328
7480,(60.90, 0.05, 69.93),0.1184312
7497,(60.79, 0.05, 69.93),0.1172557
7514,(60.67, 0.05, 69.92),0.1172562
7540,(60.55, 0.05, 69.92),0.1176468
7557,(60.42, 0.05, 69.92),0.1298038
7574,(60.28, 0.05, 69.91),0.1376471
7614,(60.14, 0.05, 69.91),0.1460583
7615,(59.99, 0.05, 69.90),0.1460587
7636,(59.85, 0.05, 69.89),0.1460579
7659,(59.70, 0.05, 69.87),0.145668
7676,(59.56, 0.05, 69.86),0.1456655
7691,(59.41, 0.05, 69.84),0.1456644
7716,(59.27, 0.05, 69.82),0.1456671
7732,(59.12, 0.05, 69.80),0.1456681
7765,(58.98, 0.05, 69.78),0.1456672
7776,(58.84, 0.05, 69.75),0.1456657
7800,(58.69, 0.05, 69.72),0.1456623
7816,(58.55, 0.05, 69.69),0.1456682
7835,(58.41, 0.05, 69.66),0.1456662
7852,(58.27, 0.05, 69.63),0.1452757
7877,(58.13, 0.05, 69.59),0.1452754
7892,(57.99, 0.05, 69.55),0.1452735
7918,(57.85, 0.05, 69.51),0.1452736
7938,(57.71, 0.05, 69.47),0.1452722
7954,(57.58, 0.05, 69.43),0.1331199
7978,(57.46, 0.05, 69.39),0.1260585
7995,(57.35, 0.05, 69.35),0.121745
8011,(57.23, 0.05, 69.31),0.1205672
8037,(57.12, 0.05, 69.26),0.120568
8080,(57.01, 0.05, 69.22),0.1201761
8080,(56.90, 0.05, 69.17),0.1197859
8094,(56.79, 0.05, 69.12),0.1197861
8120,(56.69, 0.05, 69.06),0.1197846
8138,(56.58, 0.05, 69.01),0.1193922
8157,(56.48, 0.05, 68.95),0.1193942
8174,(56.37, 0.05, 68.89),0.119391
8192,(56.27, 0.05, 68.83),0.1193899
8231,(56.17, 0.05, 68.76),0.1193909
8238,(56.07, 0.05, 68.69),0.1193935
8253,(55.97, 0.05, 68.63),0.1193942
8280,(55.88, 0.05, 68.55),0.1193917
8297,(55.78, 0.05, 68.48),0.1190028
8314,(55.69, 0.05, 68.41),0.1186059
8341,(55.60, 0.05, 68.33),0.1174314
8359,(55.51, 0.05, 68.25),0.1174288
8392,(55.43, 0.05, 68.18),0.1170382
8393,(55.34, 0.05, 68.09),0.1166486
8414,(55.26, 0.05, 68.01),0.1166409
8432,(55.18, 0.05, 67.93),0.1166455
8459,(55.10, 0.05, 67.84),0.1166464
8477,(55.02, 0.05, 67.75),0.1166489
8495,(54.95, 0.05, 67.66),0.1166474
8514,(54.88, 0.05, 67.57),0.1162511
8545,(54.81, 0.05, 67.48),0.1162607
8552,(54.74, 0.05, 67.39),0.1162561
8577,(54.67, 0.05, 67.29),0.115863
8594,(54.61, 0.05, 67.20),0.1146858
8612,(54.55, 0.05, 67.10),0.1142952
8639,(54.49, 0.05, 67.00),0.112727
8658,(54.43, 0.05, 66.91),0.1115464
8698,(54.38, 0.05, 66.81),0.1111632
8699,(54.33, 0.05, 66.71),0.1107669
8713,(54.28, 0.05, 66.61),0.110767
8740,(54.23, 0.05, 66.51),0.1107575
8760,(54.19, 0.05, 66.41),0.1107658
8778,(54.15, 0.05, 66.31),0.1103756
8795,(54.11, 0.05, 66.20),0.1103718
8812,(54.08, 0.05, 66.10),0.1103722
8854,(54.04, 0.05, 65.99),0.1103694
8855,(54.01, 0.05, 65.89),0.1103706
8877,(53.98, 0.05, 65.78),0.1103708
8895,(53.96, 0.05, 65.67),0.1103741
8913,(53.93, 0.05, 65.57),0.1103763
8941,(53.91, 0.05, 65.46),0.1103756
8958,(53.89, 0.05, 65.35),0.1103744
8977,(53.88, 0.05, 65.24),0.110373
9010,(53.86, 0.05, 65.13),0.1103693
9017,(53.85, 0.05, 65.02),0.1103729
9032,(53.84, 0.05, 64.91),0.1099859
9061,(53.84, 0.05, 64.80),0.1103707
9078,(53.83, 0.05, 64.69),0.1099842
9096,(53.83, 0.05, 64.58),0.1099714
9113,(53.84, 0.05, 64.47),0.1099816
9132,(53.84, 0.05, 64.36),0.1099842
9166,(53.85, 0.05, 64.25),0.1099867
9175,(53.86, 0.05, 64.14),0.1099817
9198,(53.87, 0.05, 64.03),0.109984
9217,(53.89, 0.05, 63.92),0.1107676
9237,(53.90, 0.05, 63.81),0.1150804
9254,(53.93, 0.05, 63.69),0.1201808
9272,(53.95, 0.05, 63.57),0.1268449
9320,(53.98, 0.05, 63.44),0.1350784
9321,(54.02, 0.05, 63.29),0.1531584
9334,(54.05, 0.05, 63.14),0.1531561
9352,(54.10, 0.05, 62.97),0.1700212
9379,(54.15, 0.05, 62.81),0.1715878
9397,(54.19, 0.05, 62.64),0.1723735
9415,(54.24, 0.05, 62.48),0.1727677
9433,(54.29, 0.05, 62.32),0.1663129
9474,(54.34, 0.05, 62.16),0.1627827
9475,(54.39, 0.05, 62.00),0.1651366
9497,(54.44, 0.05, 61.85),0.1651388
9515,(54.48, 0.05, 61.70),0.1588612
9534,(54.53, 0.05, 61.55),0.154941
9552,(54.57, 0.05, 61.40),0.1537647
9577,(54.62, 0.05, 61.25),0.1537657
9593,(54.66, 0.05, 61.10),0.1572937
9628,(54.70, 0.05, 60.95),0.1580805
9632,(54.74, 0.05, 60.80),0.1576879
9657,(54.78, 0.05, 60.65),0.1529811
9674,(54.81, 0.05, 60.50),0.1502351
9699,(54.85, 0.05, 60.36),0.1470597
9717,(54.88, 0.05, 60.21),0.1480184
9734,(54.91, 0.05, 60.07),0.1476258
9759,(54.93, 0.05, 59.92),0.1472337
9784,(54.96, 0.05, 59.78),0.1472357
9797,(54.98, 0.05, 59.63),0.1472349
9813,(55.00, 0.05, 59.49),0.146842
9831,(55.02, 0.05, 59.34),0.1468379
9856,(55.04, 0.05, 59.20),0.1468437
9873,(55.05, 0.05, 59.05),0.146452
9898,(55.06, 0.05, 58.90),0.146456
9915,(55.07, 0.05, 58.76),0.1464546
9948,(55.08, 0.05, 58.61),0.1464512
9957,(55.09, 0.05, 58.47),0.1464533
9972,(55.09, 0.05, 58.32),0.1464503
10004,(55.10, 0.05, 58.17),0.1464531
10015,(55.10, 0.05, 58.03),0.1464503
10033,(55.09, 0.05, 57.88),0.1464534
10056,(55.09, 0.05, 57.73),0.1464508
10083,(55.08, 0.05, 57.59),0.1464542
10114,(55.08, 0.05, 57.44),0.1454893
10115,(55.07, 0.05, 57.30),0.1447078
10137,(55.05, 0.05, 57.15),0.1447067
10156,(55.04, 0.05, 57.01),0.1415744
10173,(55.03, 0.05, 56.87),0.1392145
10193,(55.01, 0.05, 56.70),0.1733716
10218,(54.98, 0.05, 56.52),0.1853147
10259,(54.96, 0.05, 56.34),0.177472
10259,(54.95, 0.05, 56.20),0.1452784
10273,(54.93, 0.05, 56.05),0.1452736
10292,(54.92, 0.05, 55.94),0.1162598
10319,(54.92, 0.05, 55.82),0.1158613
10337,(54.91, 0.05, 55.71),0.1158627
10355,(54.91, 0.05, 55.57),0.133901
10373,(54.91, 0.05, 55.42),0.1484148
10415,(54.91, 0.05, 55.26),0.1617882
10415,(54.92, 0.05, 55.10),0.1657053
10438,(54.92, 0.05, 54.93),0.1657072
10457,(54.93, 0.05, 54.76),0.1696285
10477,(54.94, 0.05, 54.59),0.1708034
10494,(54.95, 0.05, 54.42),0.1711963
10521,(54.96, 0.05, 54.25),0.1715867
10539,(54.97, 0.05, 54.08),0.1715914
10568,(54.99, 0.05, 53.91),0.1719815
10576,(55.00, 0.05, 53.73),0.1719816
10600,(55.02, 0.05, 53.56),0.1719826
10618,(55.04, 0.05, 53.39),0.1723735
10636,(55.05, 0.05, 53.22),0.1723728
10654,(55.07, 0.05, 53.05),0.1723763
10671,(55.10, 0.05, 52.88),0.1723713
10720,(55.12, 0.05, 52.71),0.1731556
10721,(55.14, 0.05, 52.53),0.1731592
10732,(55.17, 0.05, 52.36),0.1731572
10756,(55.19, 0.05, 52.19),0.1739428
10774,(55.22, 0.05, 52.01),0.1833535
10799,(55.25, 0.05, 51.83),0.1859204
10817,(55.29, 0.05, 51.64),0.1863131
10836,(55.32, 0.05, 51.46),0.1863134
10876,(55.35, 0.05, 51.28),0.1863142
10877,(55.38, 0.05, 51.09),0.1859223
10900,(55.41, 0.05, 50.91),0.1859255
10912,(55.44, 0.05, 50.73),0.1863119
10938,(55.47, 0.05, 50.54),0.1863119
10956,(55.50, 0.05, 50.36),0.1863119
10974,(55.53, 0.05, 50.17),0.1867044
10993,(55.57, 0.05, 49.99),0.1867049
11033,(55.60, 0.05, 49.81),0.1863142
11033,(55.63, 0.05, 49.62),0.1870974
11057,(55.66, 0.05, 49.44),0.1870997
11075,(55.69, 0.05, 49.25),0.1894507
11092,(55.72, 0.05, 49.06),0.190235
11118,(55.75, 0.05, 48.88),0.1894511
11137,(55.78, 0.05, 48.69),0.1839657
11155,(55.81, 0.05, 48.52),0.1817897
11181,(55.84, 0.05, 48.34),0.1751171
11192,(55.86, 0.05, 48.17),0.1708054
11217,(55.89, 0.05, 48.01),0.16728
11235,(55.91, 0.05, 47.84),0.1664957
11258,(55.93, 0.05, 47.68),0.166098
11275,(55.95, 0.05, 47.51),0.1657075
11300,(55.97, 0.05, 47.35),0.1657057
11340,(55.98, 0.05, 47.19),0.1637467
11340,(55.99, 0.05, 47.02),0.1621763
11359,(56.01, 0.05, 46.86),0.1621793
11375,(56.02, 0.05, 46.72),0.1413542
11392,(56.02, 0.05, 46.59),0.1346867
11417,(56.03, 0.05, 46.46),0.1315502
11434,(56.03, 0.05, 46.33),0.12998
11458,(56.03, 0.05, 46.20),0.1292003
11485,(56.03, 0.05, 46.07),0.128411
11498,(56.02, 0.05, 45.94),0.1284148
11516,(56.01, 0.05, 45.81),0.1280241
11534,(56.00, 0.05, 45.68),0.1276325
11560,(55.99, 0.05, 45.56),0.1276274
11577,(55.98, 0.05, 45.43),0.1272305
11594,(55.96, 0.05, 45.30),0.1272339
11612,(55.94, 0.05, 45.18),0.127242
11645,(55.92, 0.05, 45.05),0.1272362
11653,(55.90, 0.05, 44.93),0.1272352
11675,(55.87, 0.05, 44.80),0.1268434
11692,(55.84, 0.05, 44.68),0.1268421
11719,(55.81, 0.05, 44.56),0.1268466
11737,(55.78, 0.05, 44.44),0.126843
11754,(55.74, 0.05, 44.31),0.126847
11795,(55.70, 0.05, 44.19),0.126452
11796,(55.66, 0.05, 44.07),0.1268434
11816,(55.62, 0.05, 43.95),0.1268435
11834,(55.57, 0.05, 43.84),0.1264529
11853,(55.53, 0.05, 43.72),0.1264524
11878,(55.48, 0.05, 43.60),0.1264563
11896,(55.43, 0.05, 43.49),0.126454
11914,(55.37, 0.05, 43.37),0.126451
11946,(55.32, 0.05, 43.26),0.1264554
11955,(55.26, 0.05, 43.15),0.1264521
11976,(55.20, 0.05, 43.04),0.1264566
11994,(55.13, 0.05, 42.93),0.1264532
12012,(55.07, 0.05, 42.82),0.1264541
12039,(55.00, 0.05, 42.71),0.1260584
12057,(54.93, 0.05, 42.60),0.1260642
12097,(54.86, 0.05, 42.50),0.1260611
12098,(54.79, 0.05, 42.40),0.1260587
12112,(54.72, 0.05, 42.30),0.126057
12139,(54.64, 0.05, 42.19),0.1260597
12157,(54.56, 0.05, 42.10),0.1260587
12175,(54.48, 0.05, 42.00),0.1260599
12193,(54.40, 0.05, 41.90),0.1260546
12214,(54.31, 0.05, 41.81),0.1260605
12262,(54.23, 0.05, 41.72),0.1260576
12264,(54.14, 0.05, 41.63),0.1260639
12272,(54.05, 0.05, 41.54),0.1260607
12294,(53.96, 0.05, 41.45),0.1260589
12320,(53.87, 0.05, 41.37),0.1260586
12338,(53.77, 0.05, 41.28),0.1264541
12356,(53.66, 0.05, 41.19),0.1452739
12374,(53.53, 0.05, 41.08),0.1747245
12428,(53.38, 0.05, 40.96),0.1911926
12428,(53.22, 0.05, 40.83),0.1999997
12446,(53.07, 0.05, 40.70),0.2000022
12457,(52.93, 0.05, 40.59),0.1739413
12473,(52.81, 0.05, 40.49),0.1637435
12497,(52.69, 0.05, 40.39),0.1574702
12515,(52.57, 0.05, 40.29),0.1531553
12532,(52.46, 0.05, 40.19),0.1527698
12570,(52.34, 0.05, 40.09),0.1527638
12575,(52.23, 0.05, 39.98),0.1523731
12598,(52.12, 0.05, 39.88),0.1468415
12614,(52.02, 0.05, 39.78),0.1417488
12639,(51.93, 0.05, 39.68),0.1378213
12656,(51.83, 0.05, 39.59),0.1358652
12672,(51.74, 0.05, 39.49),0.1354687
12696,(51.65, 0.05, 39.39),0.1354726
12723,(51.56, 0.05, 39.28),0.1350799
12734,(51.47, 0.05, 39.18),0.1350782
12758,(51.39, 0.05, 39.08),0.1346866
12775,(51.31, 0.05, 38.97),0.129588
12793,(51.23, 0.05, 38.87),0.124883
12816,(51.16, 0.05, 38.78),0.1225308
12838,(51.09, 0.05, 38.68),0.1205698
12885,(51.03, 0.05, 38.58),0.1201772
12885,(50.96, 0.05, 38.47),0.1201808
12892,(50.90, 0.05, 38.37),0.1201722
12916,(50.84, 0.05, 38.27),0.1197848
12933,(50.78, 0.05, 38.16),0.119785
12958,(50.73, 0.05, 38.06),0.1197814
12975,(50.67, 0.05, 37.95),0.1193907
12992,(50.62, 0.05, 37.84),0.1193975
13039,(50.57, 0.05, 37.73),0.1197857
13040,(50.53, 0.05, 37.62),0.1193926
13055,(50.48, 0.05, 37.51),0.1193932
13071,(50.44, 0.05, 37.40),0.1193938
13098,(50.40, 0.05, 37.29),0.1193934
13115,(50.37, 0.05, 37.17),0.1193977
13132,(50.33, 0.05, 37.06),0.1193925
13159,(50.30, 0.05, 36.94),0.1193949
13191,(50.27, 0.05, 36.83),0.1182165
13202,(50.25, 0.05, 36.71),0.1170435
13215,(50.22, 0.05, 36.60),0.1162559
13234,(50.20, 0.05, 36.49),0.1158533
13258,(50.18, 0.05, 36.37),0.1162771
13278,(50.17, 0.05, 36.26),0.1158173
13294,(50.15, 0.05, 36.14),0.1154656
13343,(50.14, 0.05, 36.03),0.1154723
13344,(50.13, 0.05, 35.91),0.1154669
13356,(50.13, 0.05, 35.80),0.1154717
13374,(50.12, 0.05, 35.68),0.1154755
13393,(50.12, 0.05, 35.57),0.115474
13419,(50.12, 0.05, 35.45),0.115472
13438,(50.13, 0.05, 35.34),0.115084
13455,(50.13, 0.05, 35.22),0.1154706
13496,(50.14, 0.05, 35.11),0.1154707
13497,(50.16, 0.05, 34.99),0.1150782
13518,(50.17, 0.05, 34.88),0.1150771
13535,(50.19, 0.05, 34.76),0.115079
13552,(50.21, 0.05, 34.65),0.1150827
13577,(50.23, 0.05, 34.54),0.1150793
13593,(50.25, 0.05, 34.43),0.1146871
13616,(50.28, 0.05, 34.31),0.1150801
13643,(50.31, 0.05, 34.20),0.1150796
13653,(50.34, 0.05, 34.09),0.114686
13677,(50.38, 0.05, 33.98),0.1146848
13694,(50.41, 0.05, 33.87),0.114684
13717,(50.45, 0.05, 33.77),0.1146886
13733,(50.49, 0.05, 33.66),0.1146901
13757,(50.54, 0.05, 33.55),0.1146873
13773,(50.58, 0.05, 33.45),0.114687
13809,(50.63, 0.05, 33.34),0.1146875
13819,(50.68, 0.05, 33.24),0.1146804
13838,(50.74, 0.05, 33.14),0.1146845
13854,(50.79, 0.05, 33.04),0.1146843
13880,(50.85, 0.05, 32.94),0.114685
13898,(50.91, 0.05, 32.84),0.1146866
13913,(50.97, 0.05, 32.75),0.1146872
13964,(51.04, 0.05, 32.65),0.1146869
13965,(51.10, 0.05, 32.56),0.1146844
13975,(51.17, 0.05, 32.47),0.1146864
13992,(51.24, 0.05, 32.37),0.1146833
14015,(51.31, 0.05, 32.29),0.1147032
14031,(51.39, 0.05, 32.20),0.1146895
14057,(51.46, 0.05, 32.11),0.1142982
14074,(51.54, 0.05, 32.03),0.1146877
14112,(51.62, 0.05, 31.95),0.1146876
14113,(51.70, 0.05, 31.87),0.1142915
14133,(51.79, 0.05, 31.79),0.11429
14160,(51.87, 0.05, 31.71),0.1146852
14177,(51.96, 0.05, 31.64),0.1146866
14199,(52.05, 0.05, 31.57),0.1146867
14212,(52.14, 0.05, 31.49),0.1146845
14233,(52.23, 0.05, 31.43),0.1142974
14274,(52.32, 0.05, 31.36),0.1146868
14275,(52.42, 0.05, 31.30),0.1146869
14296,(52.51, 0.05, 31.23),0.114686
14314,(52.61, 0.05, 31.17),0.1146873
14339,(52.71, 0.05, 31.12),0.1142954
14357,(52.81, 0.05, 31.06),0.1146877
14375,(52.91, 0.05, 31.01),0.1146859
14393,(53.02, 0.05, 30.95),0.1146883
14435,(53.12, 0.05, 30.91),0.1146848
14436,(53.22, 0.05, 30.86),0.1146874
14457,(53.33, 0.05, 30.82),0.1146855
14474,(53.44, 0.05, 30.77),0.1146863
14493,(53.54, 0.05, 30.73),0.1146869
14519,(53.65, 0.05, 30.70),0.1146874
14537,(53.76, 0.05, 30.66),0.1150776
14554,(53.87, 0.05, 30.63),0.1158642
14586,(53.99, 0.05, 30.60),0.1166451
14596,(54.10, 0.05, 30.57),0.1170396
14614,(54.21, 0.05, 30.55),0.1174319
14637,(54.33, 0.05, 30.52),0.1174311
14654,(54.45, 0.05, 30.50),0.1174311
14679,(54.56, 0.05, 30.48),0.1186091
14694,(54.71, 0.05, 30.47),0.1468427
14737,(54.88, 0.05, 30.45),0.1708028
14738,(55.06, 0.05, 30.42),0.1868804
14757,(55.25, 0.05, 30.40),0.1868834
14775,(55.44, 0.05, 30.38),0.1919818
14797,(55.63, 0.05, 30.37),0.1923732
14819,(55.82, 0.05, 30.35),0.192764
14844,(56.02, 0.05, 30.33),0.1935479
14854,(56.21, 0.05, 30.31),0.1939415
14899,(56.40, 0.05, 30.29),0.1921956
14900,(56.59, 0.05, 30.27),0.189451
14916,(56.78, 0.05, 30.26),0.1894513
14932,(56.97, 0.05, 30.24),0.190628
14959,(57.16, 0.05, 30.22),0.1910196
14977,(57.35, 0.05, 30.20),0.1910189
14996,(57.54, 0.05, 30.18),0.1910184
15012,(57.73, 0.05, 30.16),0.1906275
15050,(57.92, 0.05, 30.15),0.1906258
15061,(58.11, 0.05, 30.13),0.1906282
15072,(58.30, 0.05, 30.11),0.191019
15097,(58.49, 0.05, 30.09),0.1910207
15114,(58.68, 0.05, 30.07),0.1986451
15132,(58.88, 0.05, 30.05),0.1986457
15153,(59.08, 0.05, 30.02),0.1986459
15206,(59.28, 0.05, 30.00),0.1986461
15207,(59.47, 0.05, 29.98),0.1986465
15218,(59.67, 0.05, 29.96),0.1986468
15237,(59.87, 0.05, 29.94),0.198647
15259,(60.07, 0.05, 29.92),0.1986475
15276,(60.25, 0.05, 29.90),0.1860998
15295,(60.42, 0.05, 29.89),0.1657057
15317,(60.56, 0.05, 29.87),0.1480175
15351,(60.71, 0.05, 29.86),0.1429213
15352,(60.85, 0.05, 29.85),0.1425289
15374,(60.99, 0.05, 29.85),0.1425312
15398,(61.13, 0.05, 29.84),0.1417449
15414,(61.28, 0.05, 29.84),0.1413534
15438,(61.42, 0.05, 29.84),0.1413537
15455,(61.56, 0.05, 29.84),0.14096
15471,(61.69, 0.05, 29.85),0.137039
30,(61.83, 0.05, 29.85),0.1323324
42,(61.96, 0.05, 29.86),0.131942
58,(62.09, 0.05, 29.87),0.1303723
84,(62.22, 0.05, 29.88),0.1299796
101,(62.36, 0.05, 29.90),0.1393918
119,(62.51, 0.05, 29.92),0.1519791
147,(62.66, 0.05, 29.94),0.1566881
186,(62.82, 0.05, 29.97),0.1613921
187,(62.98, 0.05, 30.00),0.1613942
201,(63.14, 0.05, 30.02),0.1613931
225,(63.30, 0.05, 30.05),0.1617852
242,(63.46, 0.05, 30.09),0.1621765
260,(63.62, 0.05, 30.12),0.1621768
279,(63.77, 0.05, 30.16),0.1621773
303,(63.93, 0.05, 30.19),0.1621781
346,(64.07, 0.05, 30.22),0.1374288
347,(64.18, 0.05, 30.26),0.1225293
363,(64.30, 0.05, 30.29),0.1225309
379,(64.42, 0.05, 30.32),0.1205658
407,(64.53, 0.05, 30.36),0.1201787
418,(64.64, 0.05, 30.40),0.1201749
442,(64.76, 0.05, 30.44),0.1201748
459,(64.87, 0.05, 30.49),0.1197844
500,(64.98, 0.05, 30.53),0.1197846
501,(65.09, 0.05, 30.58),0.1197887
522,(65.20, 0.05, 30.63),0.119786
541,(65.30, 0.05, 30.69),0.1197866
559,(65.41, 0.05, 30.74),0.119788
579,(65.51, 0.05, 30.80),0.1193907
603,(65.62, 0.05, 30.86),0.1193956
621,(65.72, 0.05, 30.92),0.119394
654,(65.82, 0.05, 30.99),0.1193853
662,(65.92, 0.05, 31.05),0.119394
686,(66.02, 0.05, 31.12),0.1193912
702,(66.11, 0.05, 31.19),0.1193897
720,(66.21, 0.05, 31.26),0.1193947
738,(66.30, 0.05, 31.34),0.1193836
765,(66.39, 0.05, 31.42),0.1193877
808,(66.48, 0.05, 31.49),0.1193947
809,(66.57, 0.05, 31.57),0.1193896
820,(66.66, 0.05, 31.66),0.1193907
846,(66.74, 0.05, 31.74),0.1189983
861,(66.82, 0.05, 31.82),0.1162568
878,(66.90, 0.05, 31.91),0.1158607
903,(66.98, 0.05, 31.99),0.1154729
919,(67.05, 0.05, 32.08),0.115071
954,(67.13, 0.05, 32.17),0.115076
959,(67.20, 0.05, 32.26),0.1154655
983,(67.27, 0.05, 32.35),0.1158647
999,(67.33, 0.05, 32.45),0.1162474
1027,(67.40, 0.05, 32.55),0.1162592
1044,(67.46, 0.05, 32.64),0.1174271
1062,(67.53, 0.05, 32.75),0.1193919
1079,(67.59, 0.05, 32.85),0.1213498
1111,(67.65, 0.05, 32.97),0.1386062
1118,(67.73, 0.05, 33.11),0.1562937
1144,(67.82, 0.05, 33.28),0.1935436
1164,(67.91, 0.05, 33.46),0.2000012
1181,(67.99, 0.05, 33.61),0.1731455
1206,(68.05, 0.05, 33.73),0.1378087
1223,(68.12, 0.05, 33.85),0.1280244
1263,(68.18, 0.05, 33.96),0.1272361
1264,(68.24, 0.05, 34.07),0.1264487
1278,(68.31, 0.05, 34.17),0.1264523
1298,(68.38, 0.05, 34.28),0.1256599
1324,(68.45, 0.05, 34.38),0.1256669
1344,(68.54, 0.05, 34.50),0.1480206
1361,(68.64, 0.05, 34.65),0.179431
1379,(68.76, 0.05, 34.80),0.1947303
1429,(68.88, 0.05, 34.96),0.1999932
1430,(69.00, 0.05, 35.12),0.1999947
1439,(69.12, 0.05, 35.29),0.1999978
1463,(69.24, 0.05, 35.45),0.1999932
1480,(69.36, 0.05, 35.61),0.2000023
1499,(69.47, 0.05, 35.77),0.1999978
1526,(69.59, 0.05, 35.93),0.1999901
1544,(69.71, 0.05, 36.09),0.1999978
1586,(69.83, 0.05, 36.25),0.2000023
1587,(69.95, 0.05, 36.41),0.1999978
1602,(70.07, 0.05, 36.57),0.1999978
1618,(70.19, 0.05, 36.73),0.1999901
1644,(70.31, 0.05, 36.89),0.1999978
1661,(70.42, 0.05, 37.04),0.1911979
1686,(70.53, 0.05, 37.18),0.1735494
1701,(70.63, 0.05, 37.31),0.1645295
1727,(70.73, 0.05, 37.44),0.1625686
1738,(70.83, 0.05, 37.57),0.161774
1765,(70.93, 0.05, 37.70),0.1609956
1780,(71.04, 0.05, 37.83),0.1723787
1798,(71.15, 0.05, 37.97),0.1860966
1824,(71.28, 0.05, 38.12),0.1876684
1841,(71.40, 0.05, 38.26),0.1888427
1859,(71.52, 0.05, 38.40),0.1888383
1906,(71.64, 0.05, 38.55),0.1892351
1906,(71.77, 0.05, 38.69),0.1892346
1931,(71.89, 0.05, 38.83),0.1892328
1942,(72.01, 0.05, 38.98),0.1876614
1959,(72.14, 0.05, 39.12),0.185709
1985,(72.25, 0.05, 39.25),0.1769046
2004,(72.37, 0.05, 39.38),0.1721928
2051,(72.48, 0.05, 39.51),0.1733746
2052,(72.60, 0.05, 39.64),0.1729801
2062,(72.71, 0.05, 39.77),0.1729811
2080,(72.81, 0.05, 39.89),0.1590433
2103,(72.91, 0.05, 40.00),0.1472302
2123,(73.00, 0.05, 40.10),0.1362561
2139,(73.08, 0.05, 40.21),0.1288048
2163,(73.15, 0.05, 40.31),0.1268416
2209,(73.23, 0.05, 40.41),0.1260561
2210,(73.30, 0.05, 40.51),0.125661
2219,(73.37, 0.05, 40.61),0.1256715
2245,(73.44, 0.05, 40.72),0.1256647
2264,(73.51, 0.05, 40.83),0.1256621
2284,(73.57, 0.05, 40.93),0.125665
2303,(73.63, 0.05, 41.04),0.1252687
2321,(73.69, 0.05, 41.15),0.125275
2359,(73.75, 0.05, 41.26),0.1252711
2360,(73.81, 0.05, 41.38),0.1252743
2378,(73.86, 0.05, 41.49),0.1252708
2402,(73.91, 0.05, 41.60),0.125271
2418,(73.96, 0.05, 41.72),0.1248779
2442,(74.01, 0.05, 41.83),0.1248848
2458,(74.05, 0.05, 41.95),0.1248868
2482,(74.09, 0.05, 42.07),0.1248857
2511,(74.13, 0.05, 42.19),0.1248741
2518,(74.17, 0.05, 42.31),0.1248686
2542,(74.21, 0.05, 42.43),0.1248798
2559,(74.24, 0.05, 42.55),0.1248835
2587,(74.27, 0.05, 42.67),0.1248742
2598,(74.30, 0.05, 42.79),0.1248744
2621,(74.32, 0.05, 42.91),0.1248877
2638,(74.35, 0.05, 43.04),0.1272327
2677,(74.37, 0.05, 43.17),0.1358634
2686,(74.39, 0.05, 43.31),0.1393873
2702,(74.41, 0.05, 43.45),0.1456574
2718,(74.43, 0.05, 43.60),0.1460577
2744,(74.44, 0.05, 43.74),0.1464457
2764,(74.46, 0.05, 43.89),0.1472309
2782,(74.47, 0.05, 44.04),0.148412
2823,(74.48, 0.05, 44.19),0.1531544
2824,(74.49, 0.05, 44.34),0.155119
2839,(74.49, 0.05, 44.50),0.155118
2862,(74.50, 0.05, 44.66),0.1602149
2879,(74.50, 0.05, 44.82),0.1606067
2905,(74.50, 0.05, 44.98),0.1610007
2923,(74.50, 0.05, 45.14),0.1613926
2940,(74.50, 0.05, 45.30),0.1613891
2979,(74.49, 0.05, 45.45),0.1476276
2980,(74.49, 0.05, 45.58),0.1237034
3002,(74.48, 0.05, 45.70),0.1237068
3019,(74.47, 0.05, 45.82),0.1209592
3042,(74.46, 0.05, 45.94),0.120961
3059,(74.45, 0.05, 46.06),0.1209621
3084,(74.43, 0.05, 46.18),0.1205675
3100,(74.41, 0.05, 46.30),0.1205648
3129,(74.39, 0.05, 46.42),0.1209591
3140,(74.37, 0.05, 46.54),0.1209587
3159,(74.34, 0.05, 46.65),0.1205657
3185,(74.31, 0.05, 46.77),0.1205689
3202,(74.28, 0.05, 46.89),0.1201764
3220,(74.25, 0.05, 47.00),0.118999
3238,(74.21, 0.05, 47.11),0.1154716
3290,(74.18, 0.05, 47.22),0.1146857
3290,(74.14, 0.05, 47.33),0.1135075
3298,(74.10, 0.05, 47.43),0.1135122
3324,(74.05, 0.05, 47.54),0.1131175
3341,(74.01, 0.05, 47.64),0.1127264
3359,(73.96, 0.05, 47.74),0.1127251
3385,(73.91, 0.05, 47.84),0.1127281
3402,(73.86, 0.05, 47.94),0.1123292
3444,(73.80, 0.05, 48.04),0.112334
3444,(73.74, 0.05, 48.14),0.112333
3458,(73.68, 0.05, 48.23),0.1123337
3484,(73.62, 0.05, 48.33),0.1119463
3503,(73.56, 0.05, 48.42),0.1123281
3521,(73.49, 0.05, 48.51),0.1119482
3539,(73.43, 0.05, 48.60),0.1123327
3566,(73.36, 0.05, 48.69),0.1127369
3596,(73.27, 0.05, 48.80),0.1409648
3602,(73.16, 0.05, 48.92),0.165312
3624,(73.03, 0.05, 49.07),0.199999
3641,(72.90, 0.05, 49.22),0.2000018
3657,(72.77, 0.05, 49.37),0.199999
3685,(72.63, 0.05, 49.52),0.2000018
3703,(72.50, 0.05, 49.68),0.200004
3723,(72.37, 0.05, 49.83),0.2000018
3754,(72.24, 0.05, 49.98),0.2000018
3762,(72.11, 0.05, 50.13),0.199999
3785,(71.98, 0.05, 50.28),0.200004
3803,(71.85, 0.05, 50.43),0.2000126
3821,(71.71, 0.05, 50.58),0.1999968
3839,(71.58, 0.05, 50.73),0.1999961
3858,(71.45, 0.05, 50.88),0.199999
3908,(71.32, 0.05, 51.03),0.199999
3910,(71.19, 0.05, 51.18),0.1999968
3918,(71.06, 0.05, 51.33),0.199999
3941,(70.93, 0.05, 51.47),0.1868806
3959,(70.82, 0.05, 51.61),0.1735497
3985,(70.72, 0.05, 51.73),0.1578604
4003,(70.63, 0.05, 51.83),0.1307672
4022,(70.56, 0.05, 51.92),0.1249198
4062,(70.48, 0.05, 52.02),0.1240744
4063,(70.41, 0.05, 52.12),0.1237019
4085,(70.33, 0.05, 52.22),0.123705
4102,(70.27, 0.05, 52.32),0.122534
4118,(70.20, 0.05, 52.43),0.1225289
4144,(70.13, 0.05, 52.53),0.1217455
4161,(70.07, 0.05, 52.63),0.1201787
4179,(70.01, 0.05, 52.74),0.1186096
4220,(69.96, 0.05, 52.84),0.1178246
4221,(69.90, 0.05, 52.94),0.1170393
4242,(69.85, 0.05, 53.05),0.1170391
4260,(69.81, 0.05, 53.15),0.1162577
4289,(69.76, 0.05, 53.26),0.1162526
4298,(69.72, 0.05, 53.37),0.115858
4324,(69.67, 0.05, 53.48),0.1158622
4342,(69.64, 0.05, 53.59),0.1158646
4377,(69.60, 0.05, 53.70),0.1158618
4378,(69.57, 0.05, 53.81),0.115862
4401,(69.53, 0.05, 53.92),0.1158643
4419,(69.50, 0.05, 54.03),0.115079
4438,(69.48, 0.05, 54.14),0.1150793
4470,(69.45, 0.05, 54.25),0.1154699
4480,(69.43, 0.05, 54.37),0.1150779
4521,(69.41, 0.05, 54.48),0.11508
4522,(69.40, 0.05, 54.60),0.1150775
4540,(69.38, 0.05, 54.71),0.1150769
4557,(69.37, 0.05, 54.82),0.1150801
4585,(69.36, 0.05, 54.94),0.1150787
4602,(69.36, 0.05, 55.05),0.1150766
4621,(69.35, 0.05, 55.17),0.1146813
4639,(69.35, 0.05, 55.28),0.1150753
4685,(69.35, 0.05, 55.40),0.1146871
4686,(69.36, 0.05, 55.51),0.1146877
4700,(69.37, 0.05, 55.63),0.114681
4717,(69.37, 0.05, 55.74),0.1146849
4743,(69.39, 0.05, 55.86),0.1146857
4761,(69.40, 0.05, 55.97),0.1146861
4778,(69.42, 0.05, 56.08),0.1146862
4805,(69.44, 0.05, 56.20),0.1142946
4834,(69.46, 0.05, 56.32),0.1256666
4843,(69.49, 0.05, 56.45),0.1358617
4858,(69.52, 0.05, 56.60),0.1566848
4882,(69.56, 0.05, 56.77),0.1660891
4899,(69.61, 0.05, 56.93),0.1729689
4924,(69.65, 0.05, 57.10),0.1741572
4939,(69.69, 0.05, 57.27),0.1710183
4990,(69.73, 0.05, 57.43),0.1698432
4991,(69.78, 0.05, 57.60),0.1714063
4998,(69.82, 0.05, 57.76),0.1714097
5021,(69.86, 0.05, 57.93),0.1710169
5039,(69.89, 0.05, 58.09),0.1641381
5065,(69.93, 0.05, 58.25),0.1586423
5082,(69.96, 0.05, 58.39),0.1472329
5100,(69.98, 0.05, 58.53),0.1425255
5142,(70.01, 0.05, 58.67),0.1382146
5142,(70.03, 0.05, 58.80),0.137039
5163,(70.05, 0.05, 58.94),0.1370377
5182,(70.07, 0.05, 59.07),0.136254
5199,(70.08, 0.05, 59.21),0.1358644
5225,(70.09, 0.05, 59.34),0.1358598
5242,(70.10, 0.05, 59.48),0.1358608
5261,(70.11, 0.05, 59.61),0.1358571
5293,(70.12, 0.05, 59.75),0.1358578
5302,(70.12, 0.05, 59.88),0.1354654
5325,(70.12, 0.05, 60.02),0.1354661
5341,(70.12, 0.05, 60.16),0.137039
5365,(70.12, 0.05, 60.31),0.1535507
5381,(70.11, 0.05, 60.47),0.1629627
5398,(70.11, 0.05, 60.64),0.1653143
5455,(70.10, 0.05, 60.80),0.1660927
5456,(70.09, 0.05, 60.94),0.1400386
5465,(70.08, 0.05, 61.08),0.1400378
5479,(70.07, 0.05, 61.18),0.09882092
5504,(70.07, 0.05, 61.29),0.1058833
5521,(70.06, 0.05, 61.41),0.126059
5539,(70.06, 0.05, 61.54),0.1260538
5564,(70.06, 0.05, 61.67),0.1260541
5608,(70.06, 0.05, 61.80),0.1358605
5609,(70.06, 0.05, 61.95),0.1468407
5618,(70.07, 0.05, 62.10),0.1468401
5642,(70.08, 0.05, 62.25),0.153937
5660,(70.09, 0.05, 62.40),0.154725
5684,(70.10, 0.05, 62.56),0.1551122
5700,(70.12, 0.05, 62.71),0.1551185
5723,(70.13, 0.05, 62.87),0.1555115
5757,(70.15, 0.05, 63.02),0.156294
5761,(70.17, 0.05, 63.18),0.157867
5778,(70.20, 0.05, 63.34),0.1657023
5805,(70.22, 0.05, 63.51),0.1711962
5822,(70.25, 0.05, 63.70),0.1868818
5839,(70.28, 0.05, 63.89),0.1935472
5865,(70.31, 0.05, 64.07),0.1864934
5882,(70.34, 0.05, 64.24),0.1719771
5915,(70.36, 0.05, 64.40),0.1578596
5924,(70.38, 0.05, 64.54),0.1468413
5938,(70.40, 0.05, 64.67),0.1229238
5962,(70.41, 0.05, 64.79),0.1213462
5979,(70.42, 0.05, 64.91),0.1209511
6006,(70.43, 0.05, 65.03),0.1209536
6023,(70.43, 0.05, 65.15),0.1205714
6062,(70.44, 0.05, 65.27),0.1205702
6063,(70.44, 0.05, 65.39),0.1205673
6082,(70.43, 0.05, 65.51),0.1205709
6098,(70.43, 0.05, 65.63),0.120176
6122,(70.42, 0.05, 65.75),0.1201774
6139,(70.41, 0.05, 65.87),0.1201775
6165,(70.40, 0.05, 65.99),0.1201768
6184,(70.38, 0.05, 66.11),0.1201748
6214,(70.37, 0.05, 66.23),0.1201788
6221,(70.35, 0.05, 66.35),0.1197875
6244,(70.32, 0.05, 66.46),0.1197813
6262,(70.30, 0.05, 66.58),0.1197813
6278,(70.27, 0.05, 66.70),0.1197878
6305,(70.24, 0.05, 66.81),0.1197823
6322,(70.21, 0.05, 66.93),0.1193911
6339,(70.17, 0.05, 67.04),0.1193916
6371,(70.14, 0.05, 67.16),0.1193897
6378,(70.10, 0.05, 67.27),0.1193927
6401,(70.06, 0.05, 67.38),0.1193935
6418,(70.01, 0.05, 67.49),0.1193894
6442,(69.97, 0.05, 67.60),0.1193904
6458,(69.92, 0.05, 67.71),0.1193935
6483,(69.87, 0.05, 67.82),0.1193916
6525,(69.81, 0.05, 67.92),0.1189994
6526,(69.76, 0.05, 68.03),0.1186092
6542,(69.70, 0.05, 68.13),0.1186071
6558,(69.64, 0.05, 68.23),0.1162559
6585,(69.58, 0.05, 68.33),0.1158607
6602,(69.52, 0.05, 68.43),0.1158645
6620,(69.46, 0.05, 68.53),0.1154696
6645,(69.39, 0.05, 68.62),0.1154739
6680,(69.32, 0.05, 68.71),0.1150773
6681,(69.25, 0.05, 68.80),0.1150761
6704,(69.18, 0.05, 68.89),0.1150769
6721,(69.10, 0.05, 68.98),0.115075
6740,(69.03, 0.05, 69.07),0.115081
6760,(68.95, 0.05, 69.15),0.1146851
6778,(68.87, 0.05, 69.23),0.1146914
6799,(68.79, 0.05, 69.31),0.1146904
6828,(68.70, 0.05, 69.39),0.1146873
6841,(68.62, 0.05, 69.47),0.1146818
6864,(68.53, 0.05, 69.55),0.1146905
6884,(68.44, 0.05, 69.62),0.114686
6901,(68.35, 0.05, 69.69),0.1146898
6919,(68.26, 0.05, 69.76),0.1146913
6944,(68.17, 0.05, 69.83),0.1146905
6983,(68.07, 0.05, 69.89),0.1142965
6984,(67.98, 0.05, 69.95),0.114294
7005,(67.88, 0.05, 70.01),0.1142962
7023,(67.78, 0.05, 70.07),0.1142947
7046,(67.68, 0.05, 70.13),0.114293
7057,(67.58, 0.05, 70.18),0.1142939
7079,(67.48, 0.05, 70.23),0.1142909
7099,(67.38, 0.05, 70.28),0.1142944
7153,(67.27, 0.05, 70.33),0.1142973
7154,(67.17, 0.05, 70.37),0.1142925
7163,(67.06, 0.05, 70.41),0.1142913
7178,(66.95, 0.05, 70.45),0.1146836
7204,(66.85, 0.05, 70.49),0.114291
7222,(66.74, 0.05, 70.52),0.1142936
7240,(66.63, 0.05, 70.56),0.1142981
7259,(66.52, 0.05, 70.59),0.1142952
7293,(66.41, 0.05, 70.61),0.1142963
7302,(66.29, 0.05, 70.64),0.1142902
7325,(66.18, 0.05, 70.66),0.1142954
7343,(66.07, 0.05, 70.68),0.1142968
7361,(65.96, 0.05, 70.70),0.114293
7378,(65.84, 0.05, 70.71),0.1142938
7401,(65.73, 0.05, 70.73),0.1142971
7436,(65.62, 0.05, 70.73),0.1142972
7441,(65.50, 0.05, 70.74),0.1142928
7464,(65.39, 0.05, 70.75),0.1142928
7484,(65.27, 0.05, 70.75),0.114297
7502,(65.16, 0.05, 70.75),0.1142977
7519,(65.04, 0.05, 70.74),0.1197826
7541,(64.91, 0.05, 70.74),0.1323303
7565,(64.76, 0.05, 70.73),0.1448836
7597,(64.60, 0.05, 70.72),0.1594291
7598,(64.44, 0.05, 70.70),0.1617829
7619,(64.28, 0.05, 70.68),0.1617865
7645,(64.12, 0.05, 70.67),0.1660981
7664,(63.95, 0.05, 70.65),0.1664892
7683,(63.79, 0.05, 70.62),0.1668811
7700,(63.62, 0.05, 70.60),0.1668823
7748,(63.45, 0.05, 70.58),0.1672757
7749,(63.30, 0.05, 70.55),0.153764
7758,(63.15, 0.05, 70.53),0.1537631
7777,(63.01, 0.05, 70.51),0.1408229
7802,(62.87, 0.05, 70.48),0.139256
7821,(62.71, 0.05, 70.46),0.1635666
7838,(62.54, 0.05, 70.43),0.1761163
7864,(62.36, 0.05, 70.40),0.1804328
7908,(62.18, 0.05, 70.38),0.1831814
7909,(62.00, 0.05, 70.35),0.1843481
7918,(61.81, 0.05, 70.32),0.184349
7940,(61.66, 0.05, 70.30),0.1588642
7959,(61.51, 0.05, 70.27),0.1510208
7985,(61.36, 0.05, 70.25),0.1470964
8002,(61.22, 0.05, 70.22),0.1459223
8019,(61.08, 0.05, 70.19),0.1451363
8058,(60.94, 0.05, 70.16),0.1443527
8058,(60.80, 0.05, 70.13),0.1443522
8079,(60.65, 0.05, 70.10),0.1443513
8103,(60.52, 0.05, 70.07),0.1435634
8119,(60.38, 0.05, 70.03),0.142788
8138,(60.24, 0.05, 70.00),0.1380367
8165,(60.11, 0.05, 69.96),0.1341159
8178,(59.99, 0.05, 69.92),0.1337233
8208,(59.86, 0.05, 69.89),0.1341174
8222,(59.73, 0.05, 69.84),0.1360789
8238,(59.59, 0.05, 69.80),0.1409625
8264,(59.46, 0.05, 69.75),0.1405688
8282,(59.33, 0.05, 69.71),0.1405687
8300,(59.20, 0.05, 69.65),0.1405686
8317,(59.07, 0.05, 69.60),0.1405685
8368,(58.94, 0.05, 69.55),0.1405677
8369,(58.81, 0.05, 69.49),0.1405699
8381,(58.68, 0.05, 69.43),0.140569
8403,(58.55, 0.05, 69.37),0.1405678
8422,(58.43, 0.05, 69.31),0.1405666
8439,(58.30, 0.05, 69.24),0.1405687
8465,(58.18, 0.05, 69.18),0.1405707
8482,(58.06, 0.05, 69.11),0.1401763
8521,(57.94, 0.05, 69.04),0.1401751
8522,(57.82, 0.05, 68.97),0.1401781
8544,(57.70, 0.05, 68.89),0.1401769
8561,(57.58, 0.05, 68.82),0.1401769
8578,(57.46, 0.05, 68.74),0.1401755
8605,(57.35, 0.05, 68.66),0.1401756
8624,(57.23, 0.05, 68.58),0.1401784
8641,(57.12, 0.05, 68.50),0.1397867
8678,(57.01, 0.05, 68.41),0.1362525
8678,(56.91, 0.05, 68.33),0.1323362
8700,(56.80, 0.05, 68.25),0.1323363
8719,(56.70, 0.05, 68.16),0.1307622
8744,(56.61, 0.05, 68.08),0.1307623
8763,(56.51, 0.05, 67.99),0.1303712
8780,(56.41, 0.05, 67.90),0.1303736
8797,(56.32, 0.05, 67.81),0.1299825
8829,(56.23, 0.05, 67.72),0.12998
8843,(56.14, 0.05, 67.62),0.1299807
8862,(56.06, 0.05, 67.53),0.126842
8879,(55.97, 0.05, 67.44),0.1248822
8898,(55.89, 0.05, 67.34),0.1244873
8925,(55.81, 0.05, 67.25),0.1244935
8942,(55.74, 0.05, 67.15),0.1240968
8961,(55.66, 0.05, 67.05),0.1241066
8996,(55.59, 0.05, 66.95),0.1240983
9005,(55.52, 0.05, 66.85),0.1240985
9020,(55.45, 0.05, 66.74),0.1240989
9046,(55.39, 0.05, 66.64),0.1237039
9064,(55.32, 0.05, 66.53),0.1237031
9082,(55.26, 0.05, 66.42),0.123705
9100,(55.20, 0.05, 66.32),0.1237033
9143,(55.14, 0.05, 66.21),0.1237132
9144,(55.09, 0.05, 66.10),0.1237061
9157,(55.03, 0.05, 65.98),0.1237125
9186,(54.98, 0.05, 65.87),0.1237049
9204,(54.93, 0.05, 65.76),0.1237109
9222,(54.89, 0.05, 65.64),0.1237066
9239,(54.84, 0.05, 65.53),0.1237036
9257,(54.80, 0.05, 65.41),0.1237088
9293,(54.76, 0.05, 65.29),0.1237066
9298,(54.73, 0.05, 65.18),0.1237067
9324,(54.69, 0.05, 65.06),0.1237067
9342,(54.66, 0.05, 64.94),0.1237069
9360,(54.63, 0.05, 64.82),0.123703
9378,(54.60, 0.05, 64.70),0.1237086
9405,(54.58, 0.05, 64.58),0.1237099
9422,(54.55, 0.05, 64.45),0.1237071
9451,(54.53, 0.05, 64.33),0.1237038
9458,(54.51, 0.05, 64.21),0.1237037
9483,(54.50, 0.05, 64.09),0.1237083
9501,(54.49, 0.05, 63.96),0.1237086
9519,(54.48, 0.05, 63.84),0.1237114
9545,(54.47, 0.05, 63.72),0.1237063
9565,(54.46, 0.05, 63.59),0.1237083
9605,(54.46, 0.05, 63.47),0.1237104
9606,(54.46, 0.05, 63.35),0.1237044
9625,(54.46, 0.05, 63.22),0.1237059
9644,(54.47, 0.05, 63.10),0.123707
9663,(54.47, 0.05, 62.97),0.1315513
9682,(54.48, 0.05, 62.82),0.1480238
9700,(54.50, 0.05, 62.66),0.1613917
9724,(54.51, 0.05, 62.49),0.1661023
9752,(54.53, 0.05, 62.32),0.1704147
9759,(54.55, 0.05, 62.15),0.1711972
9784,(54.57, 0.05, 61.98),0.1719791
9803,(54.59, 0.05, 61.81),0.1719799
9820,(54.62, 0.05, 61.64),0.1723709
9838,(54.64, 0.05, 61.47),0.1723762
9866,(54.67, 0.05, 61.30),0.1723749
9910,(54.69, 0.05, 61.13),0.1723707
9911,(54.72, 0.05, 60.97),0.1643564
9921,(54.75, 0.05, 60.81),0.1643541
9942,(54.77, 0.05, 60.66),0.1486712
9959,(54.80, 0.05, 60.52),0.1416065
9984,(54.82, 0.05, 60.38),0.1408241
10003,(54.85, 0.05, 60.24),0.1404317
10021,(54.87, 0.05, 60.11),0.1404365
10061,(54.89, 0.05, 59.97),0.1400384
10062,(54.92, 0.05, 59.83),0.1400401
10085,(54.94, 0.05, 59.69),0.1400399
10102,(54.96, 0.05, 59.55),0.1423906
10120,(54.99, 0.05, 59.41),0.1427828
10138,(55.01, 0.05, 59.27),0.139652
10166,(55.03, 0.05, 59.14),0.1372942
10185,(55.05, 0.05, 59.01),0.1301966
10212,(55.06, 0.05, 58.88),0.1270585
10217,(55.08, 0.05, 58.76),0.125884
10241,(55.09, 0.05, 58.63),0.1286284
10258,(55.10, 0.05, 58.50),0.1286274
10285,(55.11, 0.05, 58.37),0.1286256
10303,(55.12, 0.05, 58.24),0.1286321
10322,(55.12, 0.05, 58.12),0.1282365
10340,(55.13, 0.05, 57.99),0.128238
10370,(55.13, 0.05, 57.86),0.1282365
10384,(55.13, 0.05, 57.73),0.1282395
10402,(55.13, 0.05, 57.60),0.1278427
10421,(55.12, 0.05, 57.47),0.1278475
10447,(55.12, 0.05, 57.35),0.1278421
10464,(55.11, 0.05, 57.22),0.127845
10480,(55.10, 0.05, 57.09),0.1266705
10526,(55.08, 0.05, 56.96),0.1298052
10527,(55.06, 0.05, 56.78),0.1863178
10541,(55.04, 0.05, 56.59),0.186313
10558,(55.02, 0.05, 56.41),0.1888433
10585,(55.00, 0.05, 56.22),0.1892363
10603,(54.98, 0.05, 56.03),0.1892355
10621,(54.97, 0.05, 55.84),0.1892399
10638,(54.95, 0.05, 55.65),0.1892376
10681,(54.93, 0.05, 55.46),0.1892371
10682,(54.91, 0.05, 55.28),0.1892336
10698,(54.90, 0.05, 55.09),0.1892361
10724,(54.88, 0.05, 54.90),0.1892363
10741,(54.87, 0.05, 54.71),0.1892384
10758,(54.85, 0.05, 54.52),0.1892336
10782,(54.84, 0.05, 54.33),0.1892384
10799,(54.82, 0.05, 54.14),0.1888429
10828,(54.81, 0.05, 53.96),0.1888416
10842,(54.80, 0.05, 53.77),0.188842
10860,(54.78, 0.05, 53.58),0.1892337
10878,(54.77, 0.05, 53.39),0.1888485
10905,(54.76, 0.05, 53.20),0.1888422
10924,(54.75, 0.05, 53.01),0.1888487
10941,(54.74, 0.05, 52.82),0.189239
10982,(54.73, 0.05, 52.64),0.1892383
10983,(54.72, 0.05, 52.45),0.1892391
11004,(54.71, 0.05, 52.26),0.1892377
11022,(54.71, 0.05, 52.07),0.1892341
11040,(54.70, 0.05, 51.88),0.1892393
11062,(54.69, 0.05, 51.69),0.1896317
11079,(54.69, 0.05, 51.50),0.1927666
11106,(54.68, 0.05, 51.30),0.1927703
11138,(54.67, 0.05, 51.11),0.193156
11138,(54.67, 0.05, 50.92),0.1935546
11160,(54.66, 0.05, 50.72),0.1935496
11178,(54.66, 0.05, 50.53),0.1935492
11204,(54.66, 0.05, 50.34),0.1939421
11222,(54.65, 0.05, 50.14),0.1943324
11239,(54.65, 0.05, 49.95),0.1955093
11283,(54.64, 0.05, 49.75),0.1974737
11284,(54.64, 0.05, 49.55),0.1982573
11302,(54.64, 0.05, 49.35),0.1982558
11319,(54.63, 0.05, 49.16),0.198258
11344,(54.63, 0.05, 48.96),0.1986495
11363,(54.63, 0.05, 48.76),0.1986484
11381,(54.62, 0.05, 48.56),0.2000056
11400,(54.62, 0.05, 48.36),0.2000017
11440,(54.62, 0.05, 48.16),0.2000056
11441,(54.62, 0.05, 47.96),0.2000017
11464,(54.61, 0.05, 47.76),0.2000056
11481,(54.61, 0.05, 47.56),0.2000017
11499,(54.61, 0.05, 47.36),0.2000056
11526,(54.60, 0.05, 47.16),0.2000017
11543,(54.60, 0.05, 46.97),0.1849204
11561,(54.60, 0.05, 46.79),0.1790421
11591,(54.59, 0.05, 46.63),0.1688488
11601,(54.59, 0.05, 46.46),0.1657055
11623,(54.58, 0.05, 46.30),0.1594309
11641,(54.57, 0.05, 46.14),0.1582541
11659,(54.56, 0.05, 45.99),0.1574756
11686,(54.55, 0.05, 45.83),0.1570771
11703,(54.54, 0.05, 45.67),0.1566904
11742,(54.52, 0.05, 45.52),0.1559032
11743,(54.51, 0.05, 45.37),0.1531613
11766,(54.49, 0.05, 45.21),0.1531601
11784,(54.47, 0.05, 45.07),0.1444936
11799,(54.45, 0.05, 44.93),0.1441014
11823,(54.42, 0.05, 44.79),0.1421388
11839,(54.40, 0.05, 44.65),0.1374375
11864,(54.37, 0.05, 44.52),0.135869
11891,(54.34, 0.05, 44.39),0.1350747
11902,(54.31, 0.05, 44.26),0.1346818
11921,(54.28, 0.05, 44.12),0.1346952
11939,(54.25, 0.05, 43.99),0.134303
11966,(54.21, 0.05, 43.87),0.1342937
11983,(54.17, 0.05, 43.74),0.1339027
12000,(54.13, 0.05, 43.61),0.1319424
12017,(54.09, 0.05, 43.49),0.1311615
12050,(54.04, 0.05, 43.37),0.1307642
12059,(54.00, 0.05, 43.24),0.1307711
12081,(53.95, 0.05, 43.12),0.1299802
12098,(53.90, 0.05, 43.00),0.1295874
12124,(53.84, 0.05, 42.89),0.1295901
12142,(53.79, 0.05, 42.77),0.1295926
12160,(53.73, 0.05, 42.65),0.1291918
12202,(53.67, 0.05, 42.54),0.1291744
12203,(53.61, 0.05, 42.42),0.1292139
12224,(53.54, 0.05, 42.31),0.1291937
12242,(53.48, 0.05, 42.20),0.1287971
12260,(53.41, 0.05, 42.09),0.1291943
12285,(53.34, 0.05, 41.98),0.1291955
12303,(53.27, 0.05, 41.87),0.1292007
12322,(53.20, 0.05, 41.77),0.1291953
12354,(53.11, 0.05, 41.65),0.146451
12361,(53.01, 0.05, 41.52),0.1660988
12384,(52.89, 0.05, 41.36),0.1999995
12400,(52.77, 0.05, 41.20),0.1999995
12425,(52.65, 0.05, 41.04),0.2000018
12441,(52.53, 0.05, 40.88),0.1999995
12458,(52.41, 0.05, 40.72),0.1999995
12503,(52.29, 0.05, 40.56),0.1999995
12504,(52.18, 0.05, 40.42),0.1817878
12526,(52.07, 0.05, 40.27),0.1817864
12544,(51.99, 0.05, 40.17),0.1288057
12563,(51.92, 0.05, 40.07),0.1252772
12579,(51.85, 0.05, 39.96),0.1240986
12605,(51.78, 0.05, 39.86),0.1240961
12622,(51.71, 0.05, 39.75),0.1237056
12668,(51.65, 0.05, 39.65),0.1233144
12668,(51.59, 0.05, 39.54),0.123315
12683,(51.53, 0.05, 39.43),0.1233122
12699,(51.47, 0.05, 39.32),0.1233147
12717,(51.42, 0.05, 39.21),0.1233123
12743,(51.36, 0.05, 39.10),0.1229211
12761,(51.31, 0.05, 38.99),0.1229228
12778,(51.27, 0.05, 38.88),0.1225302
12818,(51.22, 0.05, 38.77),0.121354
12819,(51.18, 0.05, 38.65),0.1209618
12843,(51.14, 0.05, 38.54),0.120964
12862,(51.10, 0.05, 38.42),0.1201843
12878,(51.06, 0.05, 38.30),0.1252872
12903,(51.03, 0.05, 38.18),0.1311571
12921,(50.99, 0.05, 38.05),0.13351
12938,(50.96, 0.05, 37.92),0.1354801
12963,(50.93, 0.05, 37.78),0.1370458
12981,(50.90, 0.05, 37.65),0.137822
12998,(50.87, 0.05, 37.51),0.1390003
13023,(50.85, 0.05, 37.38),0.1390003
13039,(50.83, 0.05, 37.24),0.139395
13064,(50.81, 0.05, 37.10),0.1405683
13091,(50.79, 0.05, 36.95),0.1519797
13103,(50.77, 0.05, 36.79),0.1629624
13142,(50.75, 0.05, 36.62),0.1688463
13143,(50.73, 0.05, 36.45),0.1715899
13163,(50.72, 0.05, 36.28),0.17159
13181,(50.70, 0.05, 36.10),0.1739388
13198,(50.69, 0.05, 35.93),0.1739417
13224,(50.68, 0.05, 35.76),0.1751231
13241,(50.66, 0.05, 35.58),0.1810053
13282,(50.65, 0.05, 35.39),0.1876715
13283,(50.64, 0.05, 35.20),0.1884501
13306,(50.63, 0.05, 35.01),0.1884533
13323,(50.62, 0.05, 34.85),0.1661026
13341,(50.62, 0.05, 34.68),0.1649204
13358,(50.61, 0.05, 34.52),0.1633571
13385,(50.61, 0.05, 34.36),0.1629595
13405,(50.61, 0.05, 34.19),0.162569
13440,(50.61, 0.05, 34.03),0.1625717
13441,(50.61, 0.05, 33.87),0.1625708
13461,(50.61, 0.05, 33.70),0.1625742
13478,(50.61, 0.05, 33.56),0.1425323
13503,(50.62, 0.05, 33.43),0.1323348
13519,(50.63, 0.05, 33.31),0.1209619
13545,(50.64, 0.05, 33.19),0.1186065
13562,(50.65, 0.05, 33.08),0.1135106
13600,(50.66, 0.05, 32.97),0.1123327
13602,(50.68, 0.05, 32.86),0.1115538
13619,(50.70, 0.05, 32.75),0.111553
13639,(50.72, 0.05, 32.64),0.1103725
13658,(50.74, 0.05, 32.53),0.1103729
13682,(50.77, 0.05, 32.42),0.110375
13703,(50.80, 0.05, 32.32),0.1103721
13737,(50.83, 0.05, 32.21),0.1099799
13738,(50.86, 0.05, 32.11),0.1099793
13764,(50.90, 0.05, 32.00),0.1099807
13781,(50.94, 0.05, 31.90),0.1095886
13797,(50.98, 0.05, 31.80),0.1095886
13821,(51.02, 0.05, 31.70),0.1095884
13845,(51.06, 0.05, 31.60),0.1091954
13861,(51.11, 0.05, 31.50),0.1091967
13907,(51.16, 0.05, 31.40),0.1095857
13909,(51.22, 0.05, 31.31),0.1091984
13919,(51.27, 0.05, 31.21),0.1091967
13941,(51.33, 0.05, 31.12),0.1091922
13959,(51.39, 0.05, 31.03),0.1095812
13984,(51.45, 0.05, 30.94),0.1091862
14002,(51.51, 0.05, 30.85),0.1091974
14019,(51.58, 0.05, 30.76),0.1088067
14058,(51.64, 0.05, 30.67),0.1088024
14059,(51.71, 0.05, 30.59),0.1083927
14081,(51.78, 0.05, 30.51),0.108411
14098,(51.85, 0.05, 30.43),0.1072376
14124,(51.93, 0.05, 30.35),0.1072379
14142,(52.00, 0.05, 30.28),0.1068252
14158,(52.08, 0.05, 30.20),0.106463
14185,(52.16, 0.05, 30.13),0.1068521
14215,(52.24, 0.05, 30.06),0.106455
14223,(52.32, 0.05, 29.99),0.1064521
14245,(52.41, 0.05, 29.93),0.1064519
14263,(52.49, 0.05, 29.87),0.1063901
14281,(52.58, 0.05, 29.80),0.1064377
14298,(52.67, 0.05, 29.75),0.1064799
14324,(52.76, 0.05, 29.69),0.1064587
14342,(52.85, 0.05, 29.63),0.1064553
14373,(52.94, 0.05, 29.58),0.1064566
14382,(53.04, 0.05, 29.53),0.1064514
14403,(53.13, 0.05, 29.48),0.1064528
14422,(53.23, 0.05, 29.44),0.1064516
14439,(53.33, 0.05, 29.40),0.1064495
14458,(53.42, 0.05, 29.35),0.1064496
14483,(53.52, 0.05, 29.32),0.1064518
14521,(53.62, 0.05, 29.28),0.106455
14522,(53.72, 0.05, 29.25),0.1064545
14543,(53.83, 0.05, 29.22),0.1064534
14561,(53.93, 0.05, 29.19),0.1064521
14579,(54.03, 0.05, 29.16),0.1068444
14605,(54.14, 0.05, 29.14),0.1068448
14622,(54.24, 0.05, 29.12),0.1064494
14640,(54.35, 0.05, 29.10),0.1064521
14679,(54.45, 0.05, 29.08),0.1064525
14680,(54.56, 0.05, 29.07),0.1060594
14701,(54.66, 0.05, 29.06),0.1060606
14725,(54.77, 0.05, 29.05),0.1080191
14742,(54.88, 0.05, 29.05),0.1080182
14757,(54.99, 0.05, 29.04),0.1080188
14782,(55.09, 0.05, 29.04),0.1084101
14798,(55.21, 0.05, 29.05),0.1111571
14831,(55.32, 0.05, 29.05),0.1178241
14843,(55.46, 0.05, 29.06),0.1405698
14859,(55.66, 0.05, 29.08),0.1931581
14884,(55.86, 0.05, 29.09),0.2000014
14903,(56.05, 0.05, 29.11),0.2000014
14921,(56.25, 0.05, 29.13),0.2000014
14938,(56.45, 0.05, 29.14),0.2000014
14959,(56.65, 0.05, 29.16),0.2000014
14999,(56.85, 0.05, 29.18),0.2000014
15005,(57.05, 0.05, 29.19),0.2000014
15018,(57.25, 0.05, 29.21),0.2000014
15038,(57.45, 0.05, 29.23),0.2000014
15068,(57.65, 0.05, 29.25),0.2000014
15086,(57.85, 0.05, 29.26),0.2000014
15099,(58.05, 0.05, 29.28),0.1974709
15145,(58.24, 0.05, 29.30),0.1966866
15146,(58.44, 0.05, 29.31),0.1959031
15163,(58.63, 0.05, 29.33),0.1959011
15178,(58.83, 0.05, 29.34),0.1951186
15199,(59.02, 0.05, 29.36),0.1951178
15217,(59.21, 0.05, 29.37),0.1947268
15239,(59.41, 0.05, 29.39),0.1947252
15264,(59.60, 0.05, 29.40),0.1943338
15301,(59.80, 0.05, 29.42),0.1939411
15302,(59.99, 0.05, 29.43),0.1939415
15326,(60.18, 0.05, 29.45),0.1939424
15345,(60.37, 0.05, 29.46),0.1923722
15360,(60.56, 0.05, 29.47),0.185705
15385,(60.75, 0.05, 29.48),0.1853157
15402,(60.94, 0.05, 29.49),0.1974699
15420,(61.14, 0.05, 29.51),0.1999996
15447,(61.34, 0.05, 29.52),0.1999995
15458,(61.54, 0.05, 29.53),0.1999995
23,(61.74, 0.05, 29.54),0.1999995
40,(61.94, 0.05, 29.55),0.1999994
64,(62.13, 0.05, 29.56),0.1943325
80,(62.31, 0.05, 29.58),0.1802173
106,(62.49, 0.05, 29.59),0.1778638
147,(62.67, 0.05, 29.60),0.1770778
149,(62.84, 0.05, 29.61),0.1770802
162,(63.02, 0.05, 29.63),0.1770777
179,(63.20, 0.05, 29.64),0.1743317
205,(63.37, 0.05, 29.66),0.1715895
223,(63.53, 0.05, 29.68),0.1660986
239,(63.69, 0.05, 29.70),0.161786
265,(63.85, 0.05, 29.71),0.1590405
302,(64.01, 0.05, 29.74),0.1582548
302,(64.16, 0.05, 29.76),0.1582535
326,(64.32, 0.05, 29.78),0.1582517
341,(64.47, 0.05, 29.81),0.1574717
358,(64.62, 0.05, 29.84),0.1511956
383,(64.76, 0.05, 29.86),0.137826
400,(64.88, 0.05, 29.89),0.1252765
418,(65.00, 0.05, 29.91),0.1237091
450,(65.12, 0.05, 29.94),0.1233125
460,(65.24, 0.05, 29.98),0.1229178
482,(65.36, 0.05, 30.01),0.122532
501,(65.47, 0.05, 30.05),0.1225324
524,(65.59, 0.05, 30.09),0.1221399
541,(65.71, 0.05, 30.13),0.1221376
559,(65.82, 0.05, 30.17),0.122137
602,(65.93, 0.05, 30.22),0.1209617
603,(66.04, 0.05, 30.27),0.1205714
621,(66.15, 0.05, 30.32),0.1205685
644,(66.26, 0.05, 30.37),0.1197869
661,(66.37, 0.05, 30.42),0.1193904
685,(66.47, 0.05, 30.48),0.119389
701,(66.58, 0.05, 30.54),0.1193896
718,(66.68, 0.05, 30.60),0.1193894
754,(66.78, 0.05, 30.66),0.1193914
763,(66.88, 0.05, 30.73),0.1193915
785,(66.98, 0.05, 30.79),0.119396
802,(67.08, 0.05, 30.86),0.1193872
820,(67.17, 0.05, 30.93),0.119383
845,(67.27, 0.05, 31.01),0.1193952
862,(67.36, 0.05, 31.08),0.1193912
880,(67.45, 0.05, 31.16),0.1193917
914,(67.54, 0.05, 31.24),0.1193916
923,(67.63, 0.05, 31.32),0.1193932
944,(67.71, 0.05, 31.40),0.1193912
961,(67.80, 0.05, 31.49),0.1193857
978,(67.88, 0.05, 31.57),0.1193889
1005,(67.96, 0.05, 31.66),0.1193848
1022,(68.04, 0.05, 31.75),0.1193888
1062,(68.12, 0.05, 31.84),0.1193919
1063,(68.19, 0.05, 31.94),0.119393
1085,(68.26, 0.05, 32.03),0.1193939
1102,(68.33, 0.05, 32.13),0.1193899
1119,(68.40, 0.05, 32.22),0.1193874
1145,(68.47, 0.05, 32.32),0.1193905
1163,(68.53, 0.05, 32.42),0.119782
1181,(68.60, 0.05, 32.53),0.1205687
1221,(68.66, 0.05, 32.63),0.1213523
1222,(68.72, 0.05, 32.74),0.1217436
1243,(68.78, 0.05, 32.84),0.1217458
1261,(68.83, 0.05, 32.95),0.1217408
1279,(68.88, 0.05, 33.06),0.1221384
1302,(68.93, 0.05, 33.17),0.1217306
1319,(68.98, 0.05, 33.29),0.1217318
1344,(69.03, 0.05, 33.40),0.1221366
1373,(69.09, 0.05, 33.55),0.1613913
1384,(69.15, 0.05, 33.72),0.1837433
1402,(69.22, 0.05, 33.91),0.2000085
1418,(69.29, 0.05, 34.10),0.1999986
1445,(69.36, 0.05, 34.29),0.1999996
1463,(69.43, 0.05, 34.47),0.1999986
1480,(69.50, 0.05, 34.66),0.2000022
1498,(69.57, 0.05, 34.85),0.2000022
1535,(69.63, 0.05, 35.04),0.2000022
1542,(69.70, 0.05, 35.22),0.1986405
1565,(69.77, 0.05, 35.41),0.1982543
1584,(69.84, 0.05, 35.59),0.1982511
1603,(69.91, 0.05, 35.78),0.1982577
1620,(69.98, 0.05, 35.96),0.1962946
1647,(70.04, 0.05, 36.15),0.1947142
1688,(70.11, 0.05, 36.33),0.1907915
1689,(70.18, 0.05, 36.50),0.1900195
1703,(70.24, 0.05, 36.68),0.1900158
1719,(70.31, 0.05, 36.86),0.1857066
1746,(70.38, 0.05, 37.03),0.1821736
1763,(70.44, 0.05, 37.18),0.1676662
1781,(70.49, 0.05, 37.32),0.1543343
1798,(70.55, 0.05, 37.45),0.1397825
1838,(70.60, 0.05, 37.57),0.1284152
1839,(70.65, 0.05, 37.69),0.1256664
1858,(70.71, 0.05, 37.80),0.1256666
1884,(70.76, 0.05, 37.91),0.1233125
1899,(70.82, 0.05, 38.02),0.1225252
1924,(70.88, 0.05, 38.12),0.1217431
1940,(70.94, 0.05, 38.23),0.1189971
1968,(71.00, 0.05, 38.33),0.1182021
1998,(71.06, 0.05, 38.43),0.117424
1999,(71.13, 0.05, 38.52),0.1170342
2021,(71.20, 0.05, 38.62),0.1170443
2045,(71.26, 0.05, 38.71),0.1162549
2062,(71.34, 0.05, 38.81),0.1162564
2085,(71.41, 0.05, 38.90),0.1162513
2102,(71.48, 0.05, 38.98),0.1162592
2119,(71.56, 0.05, 39.07),0.1162546
2152,(71.65, 0.05, 39.17),0.1280172
2159,(71.75, 0.05, 39.27),0.1456677
2184,(71.89, 0.05, 39.41),0.1999992
2199,(72.03, 0.05, 39.56),0.1999965
2225,(72.17, 0.05, 39.70),0.1999992
2243,(72.31, 0.05, 39.84),0.2000019
2259,(72.44, 0.05, 39.98),0.1931611
2300,(72.58, 0.05, 40.11),0.1892311
2301,(72.70, 0.05, 40.24),0.1829596
2323,(72.83, 0.05, 40.38),0.1829555
2340,(72.95, 0.05, 40.50),0.1653044
2365,(73.05, 0.05, 40.61),0.1523734
2383,(73.14, 0.05, 40.70),0.1299721
2399,(73.22, 0.05, 40.80),0.1248803
2424,(73.30, 0.05, 40.89),0.1240945
2457,(73.38, 0.05, 40.99),0.1233054
2465,(73.46, 0.05, 41.08),0.1233187
2484,(73.53, 0.05, 41.18),0.1213547
2500,(73.60, 0.05, 41.28),0.120569
2525,(73.67, 0.05, 41.38),0.11978
2540,(73.73, 0.05, 41.47),0.1174133
2563,(73.79, 0.05, 41.57),0.1150697
2582,(73.85, 0.05, 41.67),0.1107674
2614,(73.90, 0.05, 41.76),0.1095898
2622,(73.95, 0.05, 41.86),0.1088016
2643,(74.00, 0.05, 41.95),0.1076245
2661,(74.05, 0.05, 42.05),0.1076291
2679,(74.09, 0.05, 42.15),0.1076218
2704,(74.13, 0.05, 42.25),0.1072323
2722,(74.17, 0.05, 42.35),0.1072378
2738,(74.21, 0.05, 42.45),0.1072478
2771,(74.24, 0.05, 42.55),0.1072195
2779,(74.27, 0.05, 42.65),0.1068727
2801,(74.30, 0.05, 42.76),0.1072335
2818,(74.33, 0.05, 42.86),0.1068393
2844,(74.35, 0.05, 42.96),0.1068439
2860,(74.38, 0.05, 43.07),0.1068527
2886,(74.39, 0.05, 43.17),0.1068432
2924,(74.41, 0.05, 43.28),0.1084063
2924,(74.42, 0.05, 43.39),0.1111579
2938,(74.44, 0.05, 43.50),0.1111571
2964,(74.44, 0.05, 43.61),0.1119424
2979,(74.45, 0.05, 43.73),0.1123327
3002,(74.46, 0.05, 43.84),0.1127247
3019,(74.46, 0.05, 43.95),0.1139037
3043,(74.46, 0.05, 44.07),0.1162516
3079,(74.45, 0.05, 44.19),0.117825
3080,(74.45, 0.05, 44.30),0.1182134
3102,(74.44, 0.05, 44.42),0.1182164
3121,(74.43, 0.05, 44.54),0.1186076
3142,(74.41, 0.05, 44.66),0.1186034
3165,(74.39, 0.05, 44.78),0.1190004
3183,(74.38, 0.05, 44.89),0.1189996
3201,(74.35, 0.05, 45.01),0.1189984
3255,(74.33, 0.05, 45.13),0.1193934
3257,(74.30, 0.05, 45.25),0.1225308
3265,(74.27, 0.05, 45.37),0.1225317
3282,(74.23, 0.05, 45.53),0.173551
3306,(74.18, 0.05, 45.71),0.1872764
3323,(74.12, 0.05, 45.91),0.1999989
3341,(74.07, 0.05, 46.10),0.1999989
3358,(74.01, 0.05, 46.29),0.1999989
3393,(73.96, 0.05, 46.48),0.1999989
3398,(73.91, 0.05, 46.68),0.200001
3421,(73.85, 0.05, 46.87),0.1999989
3438,(73.80, 0.05, 47.06),0.1999968
3465,(73.74, 0.05, 47.25),0.1999989
3482,(73.69, 0.05, 47.45),0.1999989
3500,(73.63, 0.05, 47.64),0.1999989
3526,(73.58, 0.05, 47.83),0.1999989
3559,(73.53, 0.05, 48.02),0.200001
3560,(73.47, 0.05, 48.22),0.1999989
3582,(73.42, 0.05, 48.41),0.1999968
3599,(73.37, 0.05, 48.58),0.1817828
3625,(73.32, 0.05, 48.75),0.173942
3642,(73.27, 0.05, 48.92),0.1731573
3660,(73.22, 0.05, 49.08),0.1727638
3678,(73.17, 0.05, 49.25),0.1723702
3712,(73.12, 0.05, 49.41),0.17237
3720,(73.06, 0.05, 49.58),0.1723715
3743,(73.01, 0.05, 49.73),0.1637462
3761,(72.96, 0.05, 49.87),0.1480172
3780,(72.92, 0.05, 50.00),0.1327243
3798,(72.88, 0.05, 50.11),0.1233081
3824,(72.83, 0.05, 50.22),0.1205638
3857,(72.78, 0.05, 50.33),0.1197799
3862,(72.73, 0.05, 50.44),0.1193925
3885,(72.68, 0.05, 50.55),0.1193898
3902,(72.63, 0.05, 50.66),0.1193923
3918,(72.57, 0.05, 50.76),0.1193968
3945,(72.52, 0.05, 50.87),0.1190004
3964,(72.45, 0.05, 50.97),0.1193923
3982,(72.39, 0.05, 51.07),0.1197937
4012,(72.33, 0.05, 51.17),0.1217445
4020,(72.26, 0.05, 51.27),0.1233133
4043,(72.18, 0.05, 51.38),0.1276297
4061,(72.11, 0.05, 51.49),0.1319778
4080,(72.00, 0.05, 51.62),0.1727391
4110,(71.88, 0.05, 51.78),0.1999925
4124,(71.76, 0.05, 51.94),0.1999908
4169,(71.63, 0.05, 52.10),0.1999938
4170,(71.51, 0.05, 52.26),0.1999952
4182,(71.39, 0.05, 52.42),0.1999938
4201,(71.27, 0.05, 52.57),0.1923729
4219,(71.16, 0.05, 52.72),0.1876727
4245,(71.05, 0.05, 52.86),0.1817857
4263,(70.95, 0.05, 53.00),0.1711955
4282,(70.85, 0.05, 53.13),0.1661009
4331,(70.75, 0.05, 53.26),0.1641357
4332,(70.65, 0.05, 53.40),0.1625709
4351,(70.56, 0.05, 53.53),0.162567
4359,(70.48, 0.05, 53.65),0.1456661
4383,(70.40, 0.05, 53.77),0.1413539
4401,(70.33, 0.05, 53.88),0.137823
4419,(70.25, 0.05, 54.00),0.1362543
4446,(70.18, 0.05, 54.11),0.1354717
4478,(70.12, 0.05, 54.23),0.1342929
4479,(70.05, 0.05, 54.35),0.133119
4499,(69.99, 0.05, 54.46),0.1331147
4524,(69.93, 0.05, 54.58),0.1276272
4541,(69.88, 0.05, 54.69),0.1240998
4558,(69.83, 0.05, 54.80),0.1225305
4582,(69.78, 0.05, 54.91),0.1225244
4600,(69.73, 0.05, 55.03),0.1217433
4631,(69.69, 0.05, 55.14),0.121352
4638,(69.65, 0.05, 55.25),0.1213548
4663,(69.61, 0.05, 55.37),0.1209589
4680,(69.57, 0.05, 55.48),0.1205688
4699,(69.54, 0.05, 55.60),0.1205696
4725,(69.51, 0.05, 55.71),0.1205707
4743,(69.48, 0.05, 55.83),0.1182165
4783,(69.45, 0.05, 55.94),0.1174309
4784,(69.43, 0.05, 56.06),0.1170382
4798,(69.41, 0.05, 56.17),0.1170378
4826,(69.39, 0.05, 56.29),0.1166473
4844,(69.37, 0.05, 56.40),0.116252
4861,(69.36, 0.05, 56.52),0.1162548
4879,(69.35, 0.05, 56.64),0.1162557
4904,(69.34, 0.05, 56.75),0.1158607
4937,(69.33, 0.05, 56.87),0.1158621
4945,(69.33, 0.05, 56.98),0.1158626
4960,(69.33, 0.05, 57.10),0.1158618
4984,(69.33, 0.05, 57.21),0.1154672
5002,(69.34, 0.05, 57.33),0.1154683
5019,(69.34, 0.05, 57.44),0.1150796
5046,(69.35, 0.05, 57.56),0.1150834
5061,(69.36, 0.05, 57.67),0.1154666
5086,(69.38, 0.05, 57.79),0.1154692
5098,(69.40, 0.05, 57.90),0.1154707
5123,(69.42, 0.05, 58.03),0.1272314
5139,(69.45, 0.05, 58.19),0.1672762
5164,(69.49, 0.05, 58.37),0.185306
5183,(69.53, 0.05, 58.57),0.2000012
5200,(69.56, 0.05, 58.75),0.1868781
5218,(69.60, 0.05, 58.92),0.1735509
5250,(69.63, 0.05, 59.09),0.1684495
5264,(69.66, 0.05, 59.25),0.1660977
5280,(69.69, 0.05, 59.41),0.1629589
5306,(69.72, 0.05, 59.57),0.1629579
5323,(69.74, 0.05, 59.73),0.1625695
5342,(69.77, 0.05, 59.89),0.1625667
5360,(69.79, 0.05, 60.05),0.1625681
5405,(69.81, 0.05, 60.22),0.1621762
5406,(69.83, 0.05, 60.38),0.1621748
5419,(69.84, 0.05, 60.54),0.1621752
5446,(69.86, 0.05, 60.70),0.1617815
5462,(69.87, 0.05, 60.85),0.1559002
5479,(69.88, 0.05, 61.00),0.1480136
5504,(69.89, 0.05, 61.14),0.1425256
5523,(69.90, 0.05, 61.28),0.1378229
5556,(69.90, 0.05, 61.42),0.1366485
5564,(69.91, 0.05, 61.56),0.1366441
5579,(69.91, 0.05, 61.69),0.13625
5603,(69.90, 0.05, 61.82),0.1329405
5621,(69.90, 0.05, 61.97),0.1459227
5644,(69.89, 0.05, 62.13),0.1639623
5660,(69.88, 0.05, 62.31),0.1784721
5702,(69.87, 0.05, 62.50),0.1831769
5703,(69.86, 0.05, 62.68),0.1868816
5722,(69.85, 0.05, 62.87),0.1868836
5738,(69.84, 0.05, 63.05),0.1786468
5765,(69.84, 0.05, 63.22),0.1737665
5782,(69.83, 0.05, 63.37),0.154544
5799,(69.83, 0.05, 63.52),0.1490571
5825,(69.82, 0.05, 63.67),0.1474871
5865,(69.82, 0.05, 63.81),0.1435667
5866,(69.81, 0.05, 63.95),0.1396519
5881,(69.81, 0.05, 64.09),0.1396471
5906,(69.81, 0.05, 64.23),0.1365083
5922,(69.81, 0.05, 64.37),0.1372928
5939,(69.81, 0.05, 64.51),0.1380806
5966,(69.81, 0.05, 64.64),0.1384742
5983,(69.81, 0.05, 64.78),0.1404343
6021,(69.81, 0.05, 64.93),0.1467071
6022,(69.81, 0.05, 65.08),0.1518034
6043,(69.81, 0.05, 65.24),0.1518021
6060,(69.81, 0.05, 65.39),0.1586472
6084,(69.81, 0.05, 65.55),0.1574737
6102,(69.80, 0.05, 65.70),0.147619
6119,(69.80, 0.05, 65.84),0.1401729
6143,(69.79, 0.05, 65.97),0.1342877
6177,(69.78, 0.05, 66.10),0.1244917
6184,(69.77, 0.05, 66.22),0.122528
6200,(69.75, 0.05, 66.33),0.1150758
6219,(69.74, 0.05, 66.45),0.1139018
6241,(69.72, 0.05, 66.56),0.113114
6265,(69.70, 0.05, 66.67),0.1123289
6281,(69.68, 0.05, 66.78),0.1111568
6323,(69.65, 0.05, 66.89),0.1107685
6324,(69.63, 0.05, 66.99),0.1103667
6342,(69.60, 0.05, 67.10),0.1103732
6361,(69.56, 0.05, 67.20),0.1095885
6378,(69.53, 0.05, 67.31),0.1095912
6404,(69.49, 0.05, 67.41),0.1095902
6421,(69.45, 0.05, 67.51),0.1095879
6447,(69.41, 0.05, 67.61),0.1091995
6486,(69.37, 0.05, 67.71),0.1091971
6487,(69.32, 0.05, 67.81),0.1091951
6500,(69.27, 0.05, 67.91),0.1092035
6525,(69.22, 0.05, 68.01),0.1091951
6543,(69.17, 0.05, 68.10),0.109194
6562,(69.11, 0.05, 68.20),0.1091997
6586,(69.06, 0.05, 68.29),0.1091991
6604,(69.00, 0.05, 68.38),0.1091947
6644,(68.93, 0.05, 68.47),0.1091969
6644,(68.87, 0.05, 68.56),0.1088014
6666,(68.80, 0.05, 68.64),0.1088065
6691,(68.73, 0.05, 68.73),0.1091928
6700,(68.66, 0.05, 68.81),0.1091967
6722,(68.59, 0.05, 68.89),0.1088029
6739,(68.52, 0.05, 68.97),0.1088004
6765,(68.44, 0.05, 69.05),0.1088113
6799,(68.36, 0.05, 69.13),0.1088034
6800,(68.28, 0.05, 69.20),0.1088087
6820,(68.20, 0.05, 69.27),0.1088002
6838,(68.12, 0.05, 69.34),0.1088005
6862,(68.04, 0.05, 69.41),0.1087919
6878,(67.95, 0.05, 69.48),0.1088024
6903,(67.86, 0.05, 69.54),0.1088191
6920,(67.77, 0.05, 69.61),0.1087831
6955,(67.68, 0.05, 69.67),0.1087896
6965,(67.59, 0.05, 69.72),0.1088004
6979,(67.50, 0.05, 69.78),0.1088076
7005,(67.40, 0.05, 69.83),0.108415
7023,(67.30, 0.05, 69.88),0.1087954
7041,(67.21, 0.05, 69.93),0.108794
7058,(67.11, 0.05, 69.98),0.1088037
7105,(67.01, 0.05, 70.02),0.1088002
7106,(66.91, 0.05, 70.06),0.1088008
7120,(66.81, 0.05, 70.10),0.1088052
7145,(66.71, 0.05, 70.14),0.1084108
7163,(66.60, 0.05, 70.17),0.1084283
7180,(66.50, 0.05, 70.20),0.1084072
7198,(66.39, 0.05, 70.23),0.1084046
7225,(66.29, 0.05, 70.26),0.1084176
7258,(66.18, 0.05, 70.29),0.1088073
7259,(66.08, 0.05, 70.31),0.1091968
7279,(65.97, 0.05, 70.33),0.1091991
7303,(65.86, 0.05, 70.34),0.1092001
7322,(65.75, 0.05, 70.36),0.1095927
7339,(65.64, 0.05, 70.37),0.1103746
7365,(65.53, 0.05, 70.38),0.1131155
7383,(65.42, 0.05, 70.38),0.1139034
7424,(65.30, 0.05, 70.39),0.1146878
7425,(65.17, 0.05, 70.39),0.1288059
7439,(65.04, 0.05, 70.39),0.1288004
7466,(64.85, 0.05, 70.39),0.1935457
7484,(64.65, 0.05, 70.38),0.200002
7501,(64.47, 0.05, 70.38),0.1790379
7518,(64.32, 0.05, 70.37),0.1535455
7545,(64.18, 0.05, 70.37),0.1390029
7577,(64.05, 0.05, 70.37),0.1311551
7584,(63.91, 0.05, 70.38),0.1409604
7600,(63.72, 0.05, 70.39),0.184137
7626,(63.53, 0.05, 70.40),0.1904116
7643,(63.34, 0.05, 70.40),0.1962937
7658,(63.15, 0.05, 70.41),0.1914105
7682,(62.96, 0.05, 70.42),0.1894518
7699,(62.77, 0.05, 70.43),0.1886649
7725,(62.58, 0.05, 70.44),0.1882758
7746,(62.39, 0.05, 70.45),0.1882759
7764,(62.20, 0.05, 70.46),0.188666
7781,(62.01, 0.05, 70.47),0.1886667
7799,(61.83, 0.05, 70.47),0.1886676
7824,(61.64, 0.05, 70.48),0.1890587
7842,(61.45, 0.05, 70.49),0.1908048
7879,(61.26, 0.05, 70.49),0.1908041
7880,(61.07, 0.05, 70.50),0.1908046
7901,(60.87, 0.05, 70.51),0.1908023
7919,(60.68, 0.05, 70.51),0.1908049
7945,(60.49, 0.05, 70.52),0.1904117
7962,(60.30, 0.05, 70.52),0.1904122
7979,(60.11, 0.05, 70.52),0.1904141
8008,(59.92, 0.05, 70.53),0.1904133
8044,(59.74, 0.05, 70.53),0.1778623
8044,(59.58, 0.05, 70.53),0.1680582
8065,(59.41, 0.05, 70.53),0.1680603
8081,(59.29, 0.05, 70.53),0.1170354
8103,(59.17, 0.05, 70.53),0.1162529
8120,(59.06, 0.05, 70.52),0.1154723
8146,(58.94, 0.05, 70.51),0.1150796
8163,(58.83, 0.05, 70.50),0.1146858
8196,(58.72, 0.05, 70.49),0.1146869
8203,(58.60, 0.05, 70.47),0.1146875
8218,(58.49, 0.05, 70.45),0.1142937
8244,(58.38, 0.05, 70.43),0.1142936
8261,(58.27, 0.05, 70.41),0.1142957
8278,(58.16, 0.05, 70.38),0.1142938
8304,(58.04, 0.05, 70.35),0.1142959
8346,(57.93, 0.05, 70.32),0.1142944
8347,(57.83, 0.05, 70.29),0.1142948
8362,(57.72, 0.05, 70.25),0.1142934
8379,(57.61, 0.05, 70.21),0.113902
8405,(57.51, 0.05, 70.17),0.1119406
8422,(57.40, 0.05, 70.13),0.1088025
8440,(57.31, 0.05, 70.09),0.106845
8467,(57.21, 0.05, 70.04),0.1048837
8500,(57.12, 0.05, 70.00),0.1025298
8500,(57.03, 0.05, 69.95),0.1025279
8523,(56.94, 0.05, 69.90),0.1025313
8540,(56.85, 0.05, 69.85),0.1029233
8560,(56.76, 0.05, 69.79),0.1029233
8582,(56.68, 0.05, 69.74),0.1029209
8598,(56.59, 0.05, 69.68),0.1029205
8623,(56.51, 0.05, 69.61),0.1029196
8650,(56.43, 0.05, 69.55),0.1029211
8664,(56.35, 0.05, 69.49),0.102922
8681,(56.27, 0.05, 69.42),0.1033137
8699,(56.20, 0.05, 69.35),0.1029232
8726,(56.12, 0.05, 69.28),0.102923
8743,(56.05, 0.05, 69.20),0.1033075
8761,(55.98, 0.05, 69.13),0.102922
8778,(55.91, 0.05, 69.05),0.1029186
8811,(55.85, 0.05, 68.97),0.1029221
8818,(55.78, 0.05, 68.89),0.1029253
8843,(55.72, 0.05, 68.81),0.1044908
8860,(55.66, 0.05, 68.72),0.1044915
8878,(55.60, 0.05, 68.64),0.1044896
8905,(55.54, 0.05, 68.55),0.1045002
8923,(55.49, 0.05, 68.46),0.1044955
8961,(55.43, 0.05, 68.37),0.1044886
8962,(55.38, 0.05, 68.28),0.104494
8981,(55.34, 0.05, 68.19),0.104488
9006,(55.29, 0.05, 68.09),0.1044927
9033,(55.25, 0.05, 68.00),0.1044964
9046,(55.21, 0.05, 67.90),0.1044932
9065,(55.17, 0.05, 67.80),0.1045013
9082,(55.13, 0.05, 67.71),0.1044869
9122,(55.10, 0.05, 67.61),0.1044883
9123,(55.07, 0.05, 67.51),0.1045029
9146,(55.04, 0.05, 67.41),0.1044951
9163,(55.01, 0.05, 67.31),0.1048864
9181,(54.99, 0.05, 67.20),0.1048785
9199,(54.97, 0.05, 67.10),0.1048916
9227,(54.95, 0.05, 67.00),0.1048872
9245,(54.93, 0.05, 66.89),0.1048874
9276,(54.92, 0.05, 66.79),0.1052754
9282,(54.91, 0.05, 66.68),0.1052751
9307,(54.90, 0.05, 66.58),0.1056686
9324,(54.90, 0.05, 66.47),0.1076385
9340,(54.89, 0.05, 66.34),0.1268436
9365,(54.89, 0.05, 66.20),0.1444915
9382,(54.89, 0.05, 66.03),0.1692377
9401,(54.89, 0.05, 65.85),0.1778649
9432,(54.90, 0.05, 65.67),0.1845359
9439,(54.90, 0.05, 65.48),0.1876654
9464,(54.91, 0.05, 65.29),0.1919775
9481,(54.91, 0.05, 65.10),0.1931563
9499,(54.92, 0.05, 64.90),0.1939451
9527,(54.93, 0.05, 64.71),0.1939395
9544,(54.93, 0.05, 64.51),0.1951252
9587,(54.94, 0.05, 64.32),0.1978589
9588,(54.95, 0.05, 64.12),0.1986493
9601,(54.95, 0.05, 63.92),0.1986518
9618,(54.96, 0.05, 63.72),0.2000017
9645,(54.97, 0.05, 63.52),0.2000056
9663,(54.97, 0.05, 63.32),0.1986504
9681,(54.98, 0.05, 63.12),0.1999991
9706,(54.99, 0.05, 62.92),0.198648
9736,(55.00, 0.05, 62.72),0.1986493
9744,(55.00, 0.05, 62.52),0.1986468
9766,(55.01, 0.05, 62.33),0.1986482
9783,(55.02, 0.05, 62.13),0.1986457
9802,(55.02, 0.05, 61.93),0.198647
9824,(55.03, 0.05, 61.73),0.1986486
9844,(55.04, 0.05, 61.53),0.1982568
9864,(55.04, 0.05, 61.33),0.1982577
9910,(55.05, 0.05, 61.14),0.1986479
9911,(55.06, 0.05, 60.94),0.1982601
9921,(55.06, 0.05, 60.74),0.1982534
9944,(55.07, 0.05, 60.54),0.1982545
9961,(55.07, 0.05, 60.34),0.1982592
9979,(55.08, 0.05, 60.14),0.1982565
10004,(55.09, 0.05, 59.95),0.1982538
10058,(55.09, 0.05, 59.75),0.1982549
10059,(55.10, 0.05, 59.55),0.198256
10060,(55.10, 0.05, 59.35),0.1982572
10079,(55.11, 0.05, 59.15),0.1982547
10103,(55.11, 0.05, 58.96),0.198256
10127,(55.12, 0.05, 58.76),0.1982536
10145,(55.12, 0.05, 58.56),0.1982588
10160,(55.13, 0.05, 58.36),0.1982566
10193,(55.14, 0.05, 58.16),0.198254
10198,(55.14, 0.05, 57.96),0.1982594
10223,(55.15, 0.05, 57.77),0.1982571
10242,(55.15, 0.05, 57.57),0.198255
10260,(55.15, 0.05, 57.37),0.1982604
10278,(55.16, 0.05, 57.17),0.1982582
10304,(55.16, 0.05, 56.97),0.1982561
10322,(55.17, 0.05, 56.78),0.1982541
10354,(55.17, 0.05, 56.58),0.1982596
10362,(55.18, 0.05, 56.38),0.1982539
10387,(55.18, 0.05, 56.18),0.1982558
10404,(55.19, 0.05, 55.98),0.1982539
10423,(55.19, 0.05, 55.78),0.1982597
10441,(55.19, 0.05, 55.59),0.198254
10459,(55.20, 0.05, 55.39),0.1982599
10505,(55.20, 0.05, 55.19),0.1982544
10505,(55.20, 0.05, 54.99),0.1982565
10525,(55.21, 0.05, 54.79),0.1982548
10542,(55.21, 0.05, 54.60),0.1982571
10562,(55.21, 0.05, 54.40),0.1982594
10579,(55.22, 0.05, 54.20),0.1982578
10608,(55.22, 0.05, 54.00),0.1982563
10625,(55.22, 0.05, 53.80),0.197862
10665,(55.23, 0.05, 53.60),0.1978678
10666,(55.23, 0.05, 53.41),0.1982592
10680,(55.23, 0.05, 53.21),0.1982541
10707,(55.24, 0.05, 53.01),0.1978637
10725,(55.24, 0.05, 52.81),0.1978622
10743,(55.24, 0.05, 52.61),0.1978685
10760,(55.24, 0.05, 52.42),0.1978633
10779,(55.25, 0.05, 52.22),0.1978658
10817,(55.25, 0.05, 52.02),0.1978646
10824,(55.25, 0.05, 51.82),0.1978635
10840,(55.25, 0.05, 51.63),0.1982591
10864,(55.25, 0.05, 51.43),0.1978615
10881,(55.25, 0.05, 51.23),0.1982572
10907,(55.26, 0.05, 51.03),0.1978635
10923,(55.26, 0.05, 50.83),0.1978665
10943,(55.26, 0.05, 50.64),0.1982586
10979,(55.26, 0.05, 50.44),0.1978613
10980,(55.26, 0.05, 50.24),0.1982573
11006,(55.26, 0.05, 50.04),0.1982567
11022,(55.26, 0.05, 49.84),0.1978671
11041,(55.26, 0.05, 49.64),0.1978628
11059,(55.27, 0.05, 49.45),0.1978661
11085,(55.27, 0.05, 49.25),0.1978619
11126,(55.27, 0.05, 49.05),0.1978654
11127,(55.27, 0.05, 48.85),0.1978613
11139,(55.27, 0.05, 48.66),0.1978648
11164,(55.27, 0.05, 48.46),0.1978609
11182,(55.27, 0.05, 48.26),0.1955147
11198,(55.27, 0.05, 48.07),0.1908036
11225,(55.27, 0.05, 47.88),0.1868866
11241,(55.27, 0.05, 47.71),0.1782568
11287,(55.26, 0.05, 47.54),0.166886
11288,(55.26, 0.05, 47.39),0.1543376
11298,(55.26, 0.05, 47.23),0.1543373
11321,(55.25, 0.05, 47.09),0.145668
11339,(55.24, 0.05, 46.94),0.1448849
11359,(55.23, 0.05, 46.80),0.1440976
11378,(55.22, 0.05, 46.65),0.1440995
11406,(55.20, 0.05, 46.51),0.1437072
11439,(55.19, 0.05, 46.37),0.143706
11439,(55.17, 0.05, 46.23),0.1433138
11460,(55.15, 0.05, 46.08),0.1433118
11484,(55.12, 0.05, 45.94),0.1433138
11501,(55.10, 0.05, 45.80),0.1433141
11525,(55.07, 0.05, 45.66),0.1429174
11539,(55.04, 0.05, 45.52),0.142916
11592,(55.01, 0.05, 45.38),0.1429288
11593,(54.98, 0.05, 45.24),0.1429313
11603,(54.94, 0.05, 45.10),0.1429267
11618,(54.90, 0.05, 44.97),0.1429171
11647,(54.86, 0.05, 44.83),0.1429206
11668,(54.82, 0.05, 44.69),0.142922
11679,(54.78, 0.05, 44.56),0.1429227
11700,(54.73, 0.05, 44.42),0.1429204
11741,(54.68, 0.05, 44.28),0.1448876
11742,(54.62, 0.05, 44.12),0.1731572
11762,(54.56, 0.05, 43.96),0.1731576
11779,(54.49, 0.05, 43.78),0.1919822
11799,(54.42, 0.05, 43.60),0.1935536
11824,(54.35, 0.05, 43.42),0.1923735
11845,(54.29, 0.05, 43.27),0.1598237
11865,(54.24, 0.05, 43.14),0.1440981
11928,(54.19, 0.05, 43.01),0.1378221
11929,(54.13, 0.05, 42.89),0.1358637
11931,(54.07, 0.05, 42.76),0.1358639
11947,(54.02, 0.05, 42.64),0.1358686
11960,(53.96, 0.05, 42.52),0.1323339
11978,(53.89, 0.05, 42.41),0.1323351
12003,(53.83, 0.05, 42.29),0.1319456
12022,(53.77, 0.05, 42.18),0.1315452
12062,(53.70, 0.05, 42.06),0.1311587
12063,(53.63, 0.05, 41.95),0.1307655
12088,(53.56, 0.05, 41.84),0.1307684
12102,(53.49, 0.05, 41.74),0.1241022
12122,(53.42, 0.05, 41.64),0.1217477
12144,(53.35, 0.05, 41.55),0.1182115
12166,(53.28, 0.05, 41.45),0.1170415
12179,(53.21, 0.05, 41.36),0.1158662
12217,(53.13, 0.05, 41.27),0.115863
12225,(53.06, 0.05, 41.19),0.1154697
12238,(52.98, 0.05, 41.10),0.1150796
12264,(52.90, 0.05, 41.02),0.1154745
12286,(52.80, 0.05, 40.92),0.143704
12306,(52.66, 0.05, 40.79),0.1896316
12319,(52.52, 0.05, 40.65),0.2000001
12371,(52.37, 0.05, 40.51),0.2000001
12372,(52.23, 0.05, 40.37),0.2000029
12380,(52.08, 0.05, 40.23),0.1999974
12405,(51.95, 0.05, 40.10),0.1915883
12425,(51.82, 0.05, 39.97),0.1813942
12444,(51.69, 0.05, 39.85),0.1751209
12466,(51.57, 0.05, 39.73),0.1743349
12483,(51.44, 0.05, 39.60),0.1739393
12537,(51.32, 0.05, 39.48),0.1735518
12538,(51.20, 0.05, 39.35),0.1735502
12550,(51.08, 0.05, 39.23),0.1735489
12561,(50.97, 0.05, 39.12),0.1566872
12582,(50.87, 0.05, 39.01),0.1484131
12602,(50.78, 0.05, 38.90),0.1405692
12623,(50.69, 0.05, 38.80),0.130763
12639,(50.61, 0.05, 38.71),0.1248953
12674,(50.54, 0.05, 38.61),0.1213637
12681,(50.46, 0.05, 38.52),0.1209584
12703,(50.39, 0.05, 38.42),0.1166487
12719,(50.33, 0.05, 38.33),0.1154748
12739,(50.26, 0.05, 38.23),0.1150795
12760,(50.20, 0.05, 38.14),0.1146879
12781,(50.14, 0.05, 38.04),0.11429
12838,(50.08, 0.05, 37.94),0.1142943
12839,(50.03, 0.05, 37.84),0.1142959
12849,(49.98, 0.05, 37.74),0.1142969
12860,(49.93, 0.05, 37.64),0.1139018
12879,(49.88, 0.05, 37.53),0.1135096
12900,(49.83, 0.05, 37.43),0.1135099
12925,(49.79, 0.05, 37.32),0.1135142
12943,(49.75, 0.05, 37.22),0.1135096
12958,(49.71, 0.05, 37.11),0.1135112
13010,(49.67, 0.05, 37.00),0.1135117
13011,(49.64, 0.05, 36.90),0.1135149
13025,(49.61, 0.05, 36.79),0.1135123
13046,(49.58, 0.05, 36.68),0.1135161
13061,(49.55, 0.05, 36.57),0.1135143
13087,(49.53, 0.05, 36.46),0.1135132
13099,(49.51, 0.05, 36.34),0.1135112
13163,(49.49, 0.05, 36.23),0.1131229
13164,(49.48, 0.05, 36.12),0.1135103
13165,(49.46, 0.05, 36.01),0.1135094
13186,(49.45, 0.05, 35.89),0.113509
13199,(49.44, 0.05, 35.78),0.1131191
13222,(49.44, 0.05, 35.67),0.1131167
13239,(49.43, 0.05, 35.55),0.1131228
13262,(49.43, 0.05, 35.44),0.1131186
13298,(49.44, 0.05, 35.33),0.1131197
13299,(49.44, 0.05, 35.22),0.1131221
13327,(49.45, 0.05, 35.10),0.113118
13344,(49.46, 0.05, 34.99),0.1131229
13362,(49.47, 0.05, 34.88),0.1131177
13379,(49.48, 0.05, 34.77),0.1131167
13407,(49.50, 0.05, 34.65),0.1131164
13426,(49.52, 0.05, 34.54),0.1131175
13467,(49.54, 0.05, 34.43),0.1131181
13468,(49.57, 0.05, 34.32),0.1131151
13478,(49.60, 0.05, 34.21),0.1131131
13501,(49.63, 0.05, 34.10),0.113118
13520,(49.66, 0.05, 33.99),0.1131175
13539,(49.69, 0.05, 33.89),0.1131199
13558,(49.73, 0.05, 33.78),0.1131169
13579,(49.77, 0.05, 33.67),0.1127246
13612,(49.81, 0.05, 33.57),0.1131171
13619,(49.86, 0.05, 33.47),0.1131185
13640,(49.90, 0.05, 33.36),0.1131167
13658,(49.95, 0.05, 33.26),0.113119
13683,(50.00, 0.05, 33.16),0.11312
13703,(50.06, 0.05, 33.06),0.1131183
13721,(50.11, 0.05, 32.96),0.1127254
13780,(50.17, 0.05, 32.87),0.1115476
13782,(50.23, 0.05, 32.77),0.1107633
13783,(50.29, 0.05, 32.68),0.1107648
13798,(50.36, 0.05, 32.59),0.1107634
13821,(50.42, 0.05, 32.50),0.1099838
13842,(50.49, 0.05, 32.41),0.1095863
13870,(50.56, 0.05, 32.33),0.1095865
13890,(50.63, 0.05, 32.25),0.1095884
13935,(50.70, 0.05, 32.16),0.1091948
13936,(50.78, 0.05, 32.09),0.1091952
13955,(50.85, 0.05, 32.01),0.1091626
13966,(50.93, 0.05, 31.93),0.109191
13982,(51.01, 0.05, 31.86),0.1088129
14003,(51.09, 0.05, 31.79),0.1084147
14020,(51.17, 0.05, 31.72),0.1076267
14038,(51.26, 0.05, 31.65),0.1068422
14076,(51.34, 0.05, 31.59),0.1064558
14081,(51.43, 0.05, 31.52),0.1064524
14106,(51.52, 0.05, 31.46),0.1064492
14122,(51.61, 0.05, 31.40),0.106842
14138,(51.70, 0.05, 31.35),0.1064508
14163,(51.79, 0.05, 31.29),0.1064527
14182,(51.88, 0.05, 31.24),0.1064526
14203,(51.98, 0.05, 31.19),0.1060599
14243,(52.07, 0.05, 31.15),0.1060579
14245,(52.17, 0.05, 31.10),0.1060595
14261,(52.26, 0.05, 31.06),0.1060519
14280,(52.36, 0.05, 31.02),0.1064583
14298,(52.46, 0.05, 30.99),0.1068478
14322,(52.57, 0.05, 30.95),0.1076308
14340,(52.67, 0.05, 30.92),0.1076267
14359,(52.77, 0.05, 30.89),0.1076198
14397,(52.88, 0.05, 30.86),0.1076316
14407,(52.98, 0.05, 30.83),0.1076227
14418,(53.09, 0.05, 30.81),0.1088046
14446,(53.19, 0.05, 30.79),0.1087988
14466,(53.30, 0.05, 30.77),0.1127245
14484,(53.44, 0.05, 30.75),0.1397845
14504,(53.61, 0.05, 30.73),0.1641382
14561,(53.78, 0.05, 30.71),0.1770783
14562,(53.97, 0.05, 30.69),0.1923741
14563,(54.16, 0.05, 30.67),0.1923709
14580,(54.36, 0.05, 30.65),0.192372
14602,(54.54, 0.05, 30.63),0.1853138
14624,(54.72, 0.05, 30.61),0.1821776
14646,(54.90, 0.05, 30.59),0.179822
14663,(55.08, 0.05, 30.57),0.178648
14697,(55.25, 0.05, 30.55),0.1786452
14703,(55.43, 0.05, 30.53),0.1782555
14718,(55.61, 0.05, 30.50),0.1778621
14742,(55.78, 0.05, 30.48),0.1778613
14758,(55.96, 0.05, 30.45),0.1778626
14783,(56.14, 0.05, 30.43),0.1774724
14798,(56.31, 0.05, 30.40),0.178257
14823,(56.50, 0.05, 30.37),0.1955113
14858,(56.70, 0.05, 30.33),0.1999996
14859,(56.90, 0.05, 30.30),0.1999996
14886,(57.10, 0.05, 30.27),0.1999996
14903,(57.29, 0.05, 30.24),0.1999996
14923,(57.49, 0.05, 30.20),0.1999996
14941,(57.69, 0.05, 30.17),0.1999996
14958,(57.89, 0.05, 30.14),0.1999996
15011,(58.08, 0.05, 30.11),0.1999996
15012,(58.28, 0.05, 30.07),0.1999996
15023,(58.48, 0.05, 30.04),0.1999996
15040,(58.67, 0.05, 30.01),0.1999993
15064,(58.87, 0.05, 29.98),0.1999996
15082,(59.05, 0.05, 29.95),0.1762939
15100,(59.21, 0.05, 29.92),0.1629605
15120,(59.35, 0.05, 29.90),0.1472356
15162,(59.49, 0.05, 29.88),0.1397836
15163,(59.63, 0.05, 29.86),0.136646
15186,(59.76, 0.05, 29.85),0.1366484
15204,(59.90, 0.05, 29.84),0.1358616
15222,(60.03, 0.05, 29.83),0.1354721
15240,(60.17, 0.05, 29.82),0.1354721
15266,(60.30, 0.05, 29.82),0.1354688
15284,(60.44, 0.05, 29.82),0.1350769
15321,(60.57, 0.05, 29.82),0.1350785
15322,(60.71, 0.05, 29.82),0.136649
15338,(60.85, 0.05, 29.82),0.1366473
15362,(61.01, 0.05, 29.83),0.1629603
15381,(61.18, 0.05, 29.84),0.1660994
15398,(61.34, 0.05, 29.85),0.1668814
15424,(61.51, 0.05, 29.86),0.1672731
15473,(61.68, 0.05, 29.88),0.1672745
